Ticker,EntryDate,ExitDate,EntryPrice,ExitPrice,Shares,RealizedPNL
ADM,2022-12-21 05:00:00,2022-12-22 05:00:00,85.35762337078685,86.17246431525359,585.0,476.68195251304167
ADM,2022-12-27 05:00:00,2022-12-29 05:00:00,86.96901248408072,85.95274787952948,577.0,-586.3846768260648
AVY,2023-01-05 05:00:00,2023-02-08 05:00:00,175.34812636015792,173.5677097741771,284.0,-505.6383104185519
APTV,2023-01-20 05:00:00,2023-02-15 05:00:00,101.51000213623048,122.08999633789062,1.0,20.579994201660142
APH,2023-01-13 05:00:00,2023-03-02 05:00:00,39.19771003853056,37.787159941450575,80.0,-112.8440077663987
ALL,2023-02-09 05:00:00,2023-03-03 05:00:00,128.79628362337525,119.19572297058382,191.0,-1833.707084683163
BAC,2023-01-30 05:00:00,2023-03-03 05:00:00,32.71476353019521,31.46809695048795,1.0,-1.246666579707263
AIZ,2023-01-12 05:00:00,2023-03-06 05:00:00,121.17070738559204,121.71125774609924,103.0,55.6766871322413
AMZN,2023-01-19 05:00:00,2023-03-06 05:00:00,94.73999786376952,95.19000244140624,1.0,0.45000457763671875
ALLE,2023-01-12 05:00:00,2023-03-07 05:00:00,110.02290341211648,110.28275220342732,57.0,14.811381104718123
AXON,2023-01-17 05:00:00,2023-03-08 05:00:00,188.30999755859372,226.0,2.0,75.38000488281256
ABBV,2023-02-24 05:00:00,2023-03-13 04:00:00,136.8453239396635,134.76507790819522,90.0,-187.22214283214498
AMP,2023-01-17 05:00:00,2023-03-13 04:00:00,319.5186574461792,281.7740858718364,2.0,-75.48914314868557
AMD,2023-01-24 05:00:00,2023-03-16 04:00:00,73.75,89.72000122070312,1.0,15.970001220703125
AXP,2023-01-17 05:00:00,2023-03-20 04:00:00,150.36472763244245,153.10058337262575,10.0,27.358557401832968
AOS,2023-01-09 05:00:00,2023-04-13 04:00:00,58.277025795948525,62.73592360640775,429.0,1912.8671606870084
AMAT,2023-01-17 05:00:00,2023-04-17 04:00:00,106.70796966552734,106.7721305314748,3.0,0.1924825978423712
APH,2023-04-03 04:00:00,2023-04-18 04:00:00,39.72611122241084,38.801107371245145,57.0,-52.725219516444795
APA,2023-04-14 04:00:00,2023-04-24 04:00:00,36.557235625034416,33.574752359045256,26.0,-77.54456491571815
AMCR,2023-04-12 04:00:00,2023-04-27 04:00:00,9.79629030074077,9.573445269300802,8.0,-1.782760251519747
AVY,2023-04-17 04:00:00,2023-04-27 04:00:00,170.70124338939493,156.9246996473772,3.0,-41.32963122605321
AES,2023-04-17 04:00:00,2023-04-28 04:00:00,21.40954989185104,20.708891491715,17.0,-11.911192802312659
ADM,2023-04-13 04:00:00,2023-05-03 04:00:00,74.4926246408857,69.79769313190225,90.0,-422.54383580851
AMT,2023-04-13 04:00:00,2023-05-04 04:00:00,193.14798815528812,175.8205674264534,8.0,-138.61936583067768
ADBE,2023-03-28 04:00:00,2023-05-05 04:00:00,373.4200134277344,338.9800109863281,24.0,-826.56005859375
ABBV,2023-03-24 04:00:00,2023-05-09 04:00:00,140.4451046476668,134.5534794492469,256.0,-1508.2560507954913
ACN,2023-04-04 04:00:00,2023-05-16 04:00:00,272.7941972839045,266.78864305296133,2.0,-12.011108461886352
APD,2023-04-13 04:00:00,2023-05-18 04:00:00,269.68631719061545,258.65304639804305,50.0,-551.6635396286205
AEE,2023-04-10 04:00:00,2023-05-23 04:00:00,82.53515616660934,77.11225525823785,2.0,-10.845801816742977
AWK,2023-04-10 04:00:00,2023-05-24 04:00:00,141.77927470031918,135.55771299038162,1.0,-6.221561709937561
AMD,2023-05-12 04:00:00,2023-05-25 04:00:00,96.83000183105467,117.30999755859376,54.0,1105.919769287111
ABT,2023-04-20 04:00:00,2023-05-26 04:00:00,106.89991254024272,97.28130326278034,12.0,-115.4233113295486
AOS,2023-04-24 04:00:00,2023-05-30 04:00:00,65.60009745145227,63.67550674522062,11.0,-21.170497768548124
AMZN,2023-03-27 04:00:00,2023-05-30 04:00:00,99.06999969482422,122.37000274658205,182.0,4240.600555419925
AON,2023-04-04 04:00:00,2023-05-31 04:00:00,310.73465473894225,304.43683306206003,3.0,-18.893465030646666
AFL,2023-04-21 04:00:00,2023-06-02 04:00:00,62.88078752305416,62.31142234318821,10.0,-5.693651798659474
ACGL,2023-03-31 04:00:00,2023-06-06 04:00:00,64.56600900930587,68.18893214033922,70.0,253.60461917233422
AJG,2023-04-06 04:00:00,2023-06-07 04:00:00,191.0923186674473,201.29741624899583,2.0,20.410195163097058
APO,2023-05-18 04:00:00,2023-06-14 04:00:00,60.47024202782118,72.9301909963944,42.0,523.3178566800754
ADBE,2023-05-30 04:00:00,2023-06-16 04:00:00,429.9400024414063,518.22998046875,32.0,2825.279296874998
AWK,2023-06-22 04:00:00,2023-06-28 04:00:00,140.75948122349138,134.78356588172684,3.0,-17.9277460252936
AIZ,2023-05-03 04:00:00,2023-07-07 04:00:00,121.0400914437725,119.82143696208314,33.0,-40.21559789574874
AMP,2023-05-25 04:00:00,2023-07-19 04:00:00,282.7911904662263,341.0694306470472,13.0,757.6171223506723
ANET,2023-05-23 04:00:00,2023-07-19 04:00:00,35.99250030517578,43.6150016784668,38.0,289.6550521850586
ALB,2023-06-14 04:00:00,2023-07-26 04:00:00,222.29259303495272,203.59388361354385,3.0,-56.09612826422659
AMT,2023-07-07 04:00:00,2023-07-26 04:00:00,180.61730484226337,173.34217182664125,11.0,-80.02646317184329
ALGN,2023-06-21 04:00:00,2023-07-27 04:00:00,330.8099975585937,403.8299865722656,1.0,73.01998901367193
AMAT,2023-05-18 04:00:00,2023-07-31 04:00:00,122.99031525791874,148.9076346132726,40.0,1036.6927742141543
AXP,2023-06-06 04:00:00,2023-08-03 04:00:00,162.8662883603175,161.46777127006376,64.0,-89.50509377623894
APA,2023-07-10 04:00:00,2023-08-04 04:00:00,31.642983817284208,38.39812683334655,17.0,114.83743127305986
AES,2023-07-14 04:00:00,2023-08-07 04:00:00,19.3413224994754,17.718564247571212,15.0,-24.34137377856281
ALL,2023-08-03 04:00:00,2023-08-07 04:00:00,100.74595277228796,105.0439547028708,44.0,189.11208494564505
ALLE,2023-05-04 04:00:00,2023-08-08 04:00:00,105.07039718401276,108.45173849528334,25.0,84.53353278176436
AEP,2023-07-18 04:00:00,2023-08-08 04:00:00,77.79600828265664,73.26197619288475,1.0,-4.534032089771898
AEE,2023-07-25 04:00:00,2023-08-09 04:00:00,81.11450693326738,75.44560592783017,5.0,-28.34450502718603
AMCR,2023-07-27 04:00:00,2023-08-10 04:00:00,9.21133337880343,8.77828353450472,173.0,-74.91762306367677
AWK,2023-07-25 04:00:00,2023-08-10 04:00:00,139.0601813534026,133.74179347538305,2.0,-10.636775756039128
APD,2023-06-20 04:00:00,2023-08-14 04:00:00,272.0318210712848,271.64625177691227,8.0,-3.084554354980355
ADI,2023-06-16 04:00:00,2023-08-15 04:00:00,183.1863841376396,175.94513159837618,24.0,-173.79006094232227
ATO,2023-04-13 04:00:00,2023-08-15 04:00:00,108.4040008416419,109.4679959044222,31.0,32.98384694618909
APTV,2023-06-20 04:00:00,2023-08-16 04:00:00,101.0,96.43000030517578,11.0,-50.269996643066406
AOS,2023-06-13 04:00:00,2023-08-18 04:00:00,65.65401428753104,66.66140181857018,5.0,5.036937655195715
ACN,2023-05-18 04:00:00,2023-08-18 04:00:00,273.96174712829645,292.63962942828226,35.0,653.7258804995033
ABT,2023-06-28 04:00:00,2023-08-23 04:00:00,102.81438824977332,101.14486953214144,4.0,-6.678074870527496
BAC,2023-06-08 04:00:00,2023-08-23 04:00:00,27.59994852827554,26.81757354736328,100.0,-78.23749809122589
ARE,2023-07-20 04:00:00,2023-08-24 04:00:00,106.66546918962958,104.70683978832068,29.0,-56.800252637958025
A,2023-07-24 04:00:00,2023-08-25 04:00:00,125.4875107882518,117.79818858438308,6.0,-46.13593322321228
ACGL,2023-07-10 04:00:00,2023-08-25 04:00:00,71.10818858128899,71.76430931365486,15.0,9.841810985488166
AIG,2023-05-10 04:00:00,2023-08-25 04:00:00,50.60357430591087,55.45731067413383,225.0,1092.0906828501663
ADM,2023-07-06 04:00:00,2023-09-05 04:00:00,71.01877940876814,74.05032661337617,2.0,6.063094409216063
BA,2023-06-08 04:00:00,2023-09-08 04:00:00,212.33999633789065,215.8300018310547,25.0,87.25013732910085
APH,2023-06-09 04:00:00,2023-09-20 04:00:00,38.77173565996737,42.61667131177353,18.0,69.20884173251089
AMAT,2023-08-28 04:00:00,2023-09-20 04:00:00,142.7282727418014,136.2946282386501,141.0,-907.1438749443332
ADP,2023-06-14 04:00:00,2023-09-22 04:00:00,211.07024113109796,227.56426984508,8.0,131.95222971185626
ACN,2023-08-30 04:00:00,2023-09-25 04:00:00,312.9033181459196,304.93119165326146,32.0,-255.1080477650612
AMP,2023-09-13 04:00:00,2023-09-27 04:00:00,338.161111205028,318.91569480163275,6.0,-115.47249842037161
APD,2023-09-11 04:00:00,2023-09-29 04:00:00,282.9719610274261,273.24709418054323,14.0,-136.14813585636045
AME,2023-05-09 04:00:00,2023-10-02 04:00:00,142.27517498083293,145.8072115262223,159.0,561.5938107169083
AXON,2023-08-17 04:00:00,2023-10-03 04:00:00,200.4199981689453,195.38999938964844,46.0,-231.37994384765625
AVY,2023-07-03 04:00:00,2023-10-04 04:00:00,164.8611213439585,175.32541385232736,1.0,10.464292508368857
AON,2023-09-05 04:00:00,2023-10-09 04:00:00,328.9088774022646,320.2813906957683,15.0,-129.41230059744385
AVY,2023-10-09 04:00:00,2023-10-23 04:00:00,176.90778584726925,166.86354856867507,211.0,-2119.3340657833724
ADP,2023-10-18 04:00:00,2023-10-24 04:00:00,239.00860348898885,230.81082019251983,5.0,-40.98891648234513
AVB,2023-10-18 04:00:00,2023-10-24 04:00:00,166.50304077229055,156.60649542264855,4.0,-39.58618139856799
AMD,2023-10-17 04:00:00,2023-10-25 04:00:00,103.54000091552734,100.41999816894533,25.0,-78.00006866455043
AOS,2023-10-18 04:00:00,2023-10-26 04:00:00,67.88982505998543,63.76308481699044,5.0,-20.63370121497492
ADSK,2023-10-10 04:00:00,2023-10-30 04:00:00,211.1499938964844,196.0800018310547,88.0,-1326.159301757815
AXON,2023-10-12 04:00:00,2023-10-31 04:00:00,220.67999267578125,202.32000732421875,42.0,-771.119384765625
AZO,2023-09-05 04:00:00,2023-10-31 04:00:00,2527.5400390625,2473.47998046875,1.0,-54.06005859375
ADBE,2023-10-16 04:00:00,2023-11-01 04:00:00,553.1799926757812,535.0,8.0,-145.43994140625
AIZ,2023-07-21 04:00:00,2023-11-01 04:00:00,125.32704536718542,153.82454204310218,12.0,341.96996011100117
ALL,2023-09-14 04:00:00,2023-11-02 04:00:00,105.25744534459466,129.68040100152808,2.0,48.84591131386685
ABBV,2023-08-03 04:00:00,2023-11-03 04:00:00,137.47568841664432,134.181695126685,65.0,-214.1095638473547
AFL,2023-06-09 04:00:00,2023-11-03 04:00:00,65.06408413067466,78.51795339739262,21.0,282.53125460107714
ACGL,2023-09-13 04:00:00,2023-12-08 05:00:00,74.94982498664584,74.81669791892159,15.0,-1.9969060158636864
AMD,2023-11-09 05:00:00,2023-12-13 05:00:00,114.0999984741211,137.97000122070312,3.0,71.6100082397461
AES,2023-11-08 05:00:00,2023-12-14 05:00:00,14.813622318998329,17.87226744118822,104.0,318.0990927077488
BAC,2023-11-13 05:00:00,2023-12-15 05:00:00,26.1761213975408,32.40166613776288,9.0,56.02990266199872
AJG,2023-06-16 04:00:00,2023-12-19 05:00:00,211.8197684187175,223.82771703758343,41.0,492.32589337350294
APTV,2023-12-22 05:00:00,2024-01-04 05:00:00,88.88999938964844,81.0,60.0,-473.39996337890625
ALB,2023-12-27 05:00:00,2024-01-05 05:00:00,148.22810356083565,131.03368121099172,16.0,-275.1107575975029
ADBE,2023-11-08 05:00:00,2024-01-08 05:00:00,589.0,567.8699951171875,4.0,-84.52001953125
APD,2024-01-02 05:00:00,2024-01-17 05:00:00,260.2651658149944,246.6273363872163,5.0,-68.18914713889058
AMGN,2023-08-10 04:00:00,2024-01-23 05:00:00,243.7133144080795,293.0555037865478,30.0,1480.2656813540484
AEP,2023-11-07 05:00:00,2024-01-24 05:00:00,72.70020139126677,73.07319017466149,147.0,54.82935115902346
AMT,2023-11-03 04:00:00,2024-01-25 05:00:00,174.18485107774424,188.13307174890505,244.0,3403.365843763238
AMCR,2023-11-15 05:00:00,2024-01-29 05:00:00,8.500635566202805,8.828644261858052,9.0,2.9520782608972294
AJG,2024-01-29 05:00:00,2024-01-31 05:00:00,228.7340095561651,228.00495963364185,38.0,-27.703897055883317
AVB,2023-12-13 05:00:00,2024-02-06 05:00:00,163.26026233319834,160.26356499723002,2.0,-5.993394671936642
AOS,2023-11-06 05:00:00,2024-02-09 05:00:00,68.95420420697207,77.72502000002501,309.0,2710.1820800533606
APH,2023-11-14 05:00:00,2024-02-09 05:00:00,43.04460396877832,51.762333239689866,2.0,17.435458541823095
APTV,2024-02-06 05:00:00,2024-02-09 05:00:00,81.72000122070312,81.12000274658203,109.0,-65.39983367919922
AMZN,2023-11-08 05:00:00,2024-02-12 05:00:00,142.97000122070312,174.8000030517578,5.0,159.15000915527344
A,2024-02-07 05:00:00,2024-02-14 05:00:00,134.7369585235993,129.28903784592617,33.0,-179.7813823632131
AMAT,2024-01-22 05:00:00,2024-02-16 05:00:00,165.54686186741674,198.85704218853647,20.0,666.2036064223946
ADBE,2024-01-26 05:00:00,2024-02-20 05:00:00,620.7000122070312,531.5,55.0,-4906.000671386719
A,2024-02-15 05:00:00,2024-02-22 05:00:00,131.25305883590036,130.74969892350526,45.0,-22.6511960577794
AIG,2023-09-14 04:00:00,2024-03-01 05:00:00,58.46239110582151,70.18726348876953,9.0,105.52385144653219
ABBV,2023-12-13 05:00:00,2024-03-07 05:00:00,142.5989582556693,171.4493572860042,5.0,144.2519951516745
ALB,2024-03-12 04:00:00,2024-03-13 04:00:00,122.95415671756186,118.89985934368414,1.0,-4.054297373877716
ADP,2023-12-14 05:00:00,2024-03-19 04:00:00,231.41993531304496,235.06304868236072,5.0,18.21556684657878
AZO,2023-11-08 05:00:00,2024-03-22 04:00:00,2658.550048828125,3207.300048828125,2.0,1097.5
AMT,2024-03-12 04:00:00,2024-03-27 04:00:00,194.0962833067411,184.6042320685168,1.0,-9.492051238224292
AWK,2024-04-11 04:00:00,2024-04-12 04:00:00,114.42847426766576,113.13274208690646,9.0,-11.661589626833717
AJG,2024-02-12 05:00:00,2024-04-12 04:00:00,235.4629789467304,234.51898718385624,81.0,-76.46333279280717
AES,2024-04-02 04:00:00,2024-04-16 04:00:00,16.41070198851691,14.719348986195444,214.0,-361.9495424967935
ALB,2024-04-09 04:00:00,2024-04-16 04:00:00,129.0249579266882,113.45498463919488,11.0,-171.26970616242642
AMCR,2024-03-14 04:00:00,2024-04-16 04:00:00,8.894704813031069,8.368724818950538,11.0,-5.785779934885843
AON,2024-02-15 05:00:00,2024-04-17 04:00:00,304.8301610616569,301.39274731779506,38.0,-130.62172226674988
AFL,2024-03-12 04:00:00,2024-04-19 04:00:00,80.45242161441855,78.9408525848865,7.0,-10.580983206724383
APD,2024-03-19 04:00:00,2024-04-22 04:00:00,235.00606059858404,223.280654956784,2.0,-23.450811283600103
A,2024-02-29 05:00:00,2024-04-22 04:00:00,135.71401387090654,132.00994621589612,47.0,-174.09117978548971
AEP,2024-02-23 05:00:00,2024-04-22 04:00:00,77.013638711466,78.88263002600345,165.0,308.38356689867976
ADI,2024-03-11 04:00:00,2024-04-23 04:00:00,189.8045363375436,182.39179852709657,6.0,-44.47642686268216
APA,2024-03-18 04:00:00,2024-04-30 04:00:00,29.847223443415636,30.284352473671248,1.0,0.4371290302556119
AOS,2024-02-21 05:00:00,2024-05-01 04:00:00,77.35715434532912,80.49342421387632,253.0,793.4762767424422
ACGL,2024-01-29 05:00:00,2024-05-02 04:00:00,75.37772008107066,91.02951737514545,232.0,3631.2169722253493
ALGN,2024-01-10 05:00:00,2024-05-09 04:00:00,277.0,274.4100036621094,19.0,-49.209930419921875
AXON,2024-05-06 04:00:00,2024-05-16 04:00:00,322.0,293.6000061035156,6.0,-170.39996337890625
ADI,2024-05-01 04:00:00,2024-05-23 04:00:00,192.20389543704655,234.94404987687656,45.0,1923.3069497923502
ADM,2024-03-20 04:00:00,2024-05-29 04:00:00,57.710735663376646,57.66765458139943,6.0,-0.2584864918632803
ATO,2024-03-11 04:00:00,2024-05-29 04:00:00,111.97613289781238,108.16600498068796,19.0,-72.39243042536395
A,2024-05-15 04:00:00,2024-05-30 04:00:00,151.2470084781943,123.8643997982588,2.0,-54.765217359870974
ARE,2024-05-17 04:00:00,2024-05-31 04:00:00,114.61617335135443,107.91896611756545,2.0,-13.394414467577974
AMZN,2024-05-06 04:00:00,2024-06-03 04:00:00,186.27999877929688,177.6999969482422,5.0,-42.90000915527344
AEE,2024-03-13 04:00:00,2024-06-04 04:00:00,69.27654092062866,70.33616216242486,3.0,3.178863725388581
ALB,2024-05-08 04:00:00,2024-06-06 04:00:00,124.35590456631247,113.57147405673396,1.0,-10.784430509578513
ADP,2024-05-17 04:00:00,2024-06-07 04:00:00,242.32127322851045,241.18746441891105,2.0,-2.267617619198802
AIG,2024-05-02 04:00:00,2024-06-12 04:00:00,75.73057105074564,72.4581342753459,198.0,-647.9424815291485
APTV,2024-05-10 04:00:00,2024-06-12 04:00:00,83.69999694824219,76.9800033569336,33.0,-221.7597885131836
ADM,2024-06-11 04:00:00,2024-06-20 04:00:00,58.63053401727812,57.01938741555173,75.0,-120.8359951294792
ADM,2024-06-25 04:00:00,2024-06-26 04:00:00,59.02140357440536,57.49605622803152,6.0,-9.15208407824305
AEP,2024-04-26 04:00:00,2024-06-26 04:00:00,81.57812054228594,82.03700566935066,357.0,163.82199036210443
ADP,2024-06-13 04:00:00,2024-06-28 04:00:00,236.71047973632807,232.21735707412736,45.0,-202.1905197990317
AMCR,2024-05-06 04:00:00,2024-07-03 04:00:00,9.448863969740469,9.149162292480469,54.0,-16.183890572039992
AVY,2024-05-06 04:00:00,2024-07-03 04:00:00,215.89998026537268,209.73839552197643,34.0,-209.4938812754724
ATO,2024-06-21 04:00:00,2024-07-08 04:00:00,113.72492805696764,111.4799792623238,11.0,-24.694436741082313
ABBV,2024-06-21 04:00:00,2024-07-09 04:00:00,164.03660138627637,158.64154355324703,3.0,-16.185173499088023
APD,2024-05-06 04:00:00,2024-07-09 04:00:00,238.20261409513856,246.47817300175595,16.0,132.40894250587826
AWK,2024-05-01 04:00:00,2024-07-09 04:00:00,117.21194107249536,125.03966693553753,149.0,1166.3311535932821
AAPL,2024-05-16 04:00:00,2024-07-10 04:00:00,189.18508101005293,227.75311249906628,5.0,192.84015744506675
AMD,2024-05-30 04:00:00,2024-07-22 04:00:00,167.89999389648438,154.22999572753906,39.0,-533.1299285888672
AMP,2024-05-13 04:00:00,2024-07-22 04:00:00,426.2291986491499,404.8858988455724,3.0,-64.02989941073253
AOS,2024-07-17 04:00:00,2024-07-23 04:00:00,88.88968942300083,78.63729978713172,6.0,-61.514337815214645
ARE,2024-07-15 04:00:00,2024-07-25 04:00:00,117.26913426987116,107.1377494191274,9.0,-91.18246365669381
AMZN,2024-06-14 04:00:00,2024-07-26 04:00:00,183.0800018310547,180.38999938964844,29.0,-78.01007080078125
AFL,2024-04-30 04:00:00,2024-08-01 04:00:00,81.46982828643459,101.71962708500944,179.0,3624.713984944897
BA,2024-07-02 04:00:00,2024-08-05 04:00:00,186.33999633789065,162.52000427246094,68.0,-1619.7594604492206
APO,2024-05-15 04:00:00,2024-08-05 04:00:00,108.62815977048474,95.43524325180296,2.0,-26.385833037363568
AMT,2024-05-20 04:00:00,2024-08-05 04:00:00,184.6916706791013,222.58660479230048,1.0,37.894934113199184
APA,2024-07-17 04:00:00,2024-08-05 04:00:00,29.76189050019128,26.028016795102783,9.0,-33.60486334579649
ADM,2024-07-03 04:00:00,2024-08-06 04:00:00,59.45993787841113,55.57983556975296,120.0,-465.61227703898084
ADSK,2024-06-26 04:00:00,2024-08-08 04:00:00,240.4900054931641,236.1699981689453,62.0,-267.84045410156426
AXON,2024-07-10 04:00:00,2024-08-09 04:00:00,299.0,367.2699890136719,54.0,3686.5794067382812
AXP,2024-07-12 04:00:00,2024-08-15 04:00:00,235.8069774456468,244.490503929938,34.0,295.23990046590103
ADBE,2024-06-20 04:00:00,2024-08-15 04:00:00,527.6699829101562,545.1900024414062,9.0,157.68017578125
AVB,2024-03-06 05:00:00,2024-08-23 04:00:00,174.24420894043436,210.07321071943144,20.0,716.5800355799416
APH,2024-08-26 04:00:00,2024-09-04 04:00:00,66.53475692962819,57.39166766805064,28.0,-256.0064993241714
AES,2024-08-29 04:00:00,2024-09-06 04:00:00,16.081371679807223,15.848308297272586,17.0,-3.9620775030888193
AIG,2024-09-03 04:00:00,2024-09-10 04:00:00,74.71058910406443,71.12838001438908,1.0,-3.582209089675345
AJG,2024-05-15 04:00:00,2024-09-10 04:00:00,246.4691153147106,296.85266488550445,3.0,151.15064871238158
APTV,2024-08-28 04:00:00,2024-09-11 04:00:00,70.4800033569336,65.31999969482422,14.0,-72.24005126953125
ADBE,2024-08-20 04:00:00,2024-09-18 04:00:00,564.47998046875,517.010009765625,4.0,-189.8798828125
ACN,2024-07-02 04:00:00,2024-10-03 04:00:00,294.20110573932976,353.0518446657832,21.0,1235.8655174555226
ADM,2024-09-25 04:00:00,2024-10-04 04:00:00,58.41044540429361,56.44900761337352,4.0,-7.845751163680376
ARE,2024-08-29 04:00:00,2024-10-09 04:00:00,110.81257909791933,107.37006857832615,4.0,-13.770042078372683
AWK,2024-07-12 04:00:00,2024-10-09 04:00:00,132.1922084727483,132.84719526944727,32.0,20.959577494367295
AON,2024-06-21 04:00:00,2024-10-10 04:00:00,293.89041084501343,357.061675314433,8.0,505.37011575535644
AEP,2024-07-18 04:00:00,2024-10-11 04:00:00,88.43873622165509,93.1155697352196,1.0,4.676833513564503
AES,2024-09-17 04:00:00,2024-10-11 04:00:00,17.89926474630048,16.06272638145222,58.0,-106.51922516119924
APH,2024-09-25 04:00:00,2024-10-11 04:00:00,65.59757940694877,63.89116156353699,1.0,-1.7064178434117778
ATO,2024-07-15 04:00:00,2024-10-17 04:00:00,116.93200904079096,140.83615565355143,18.0,430.2746390296885
AOS,2024-09-25 04:00:00,2024-10-18 04:00:00,83.85889862940498,77.06004590231275,1.0,-6.798852727092225
A,2024-08-01 04:00:00,2024-10-23 04:00:00,140.87126148558235,132.19768434123287,87.0,-754.6012115584048
ACGL,2024-08-19 04:00:00,2024-10-23 04:00:00,97.50513819671232,102.29766239765726,196.0,939.3347433852081
AJG,2024-10-14 04:00:00,2024-10-24 04:00:00,286.31776441666256,287.6768146418156,8.0,10.872401801224441
AEE,2024-07-18 04:00:00,2024-10-24 04:00:00,72.11961023355889,86.7772696180275,1.0,14.657659384468616
ARE,2024-10-21 04:00:00,2024-10-30 04:00:00,114.27290969759775,105.1224272799278,17.0,-155.5582011003891
AMCR,2024-07-23 04:00:00,2024-10-31 04:00:00,9.691263644651633,10.685278637530567,218.0,216.69526844760773
AIZ,2024-07-24 04:00:00,2024-11-01 04:00:00,170.01307749211878,189.0119431981325,6.0,113.99319423608239
AMD,2024-09-23 04:00:00,2024-11-01 04:00:00,156.4499969482422,144.44000244140625,3.0,-36.02998352050781
ADP,2024-07-25 04:00:00,2024-11-06 05:00:00,242.74345848234148,293.46768961956184,4.0,202.89692454888143
ADSK,2024-08-19 04:00:00,2024-11-06 05:00:00,248.5,299.0,38.0,1919.0
AMP,2024-08-26 04:00:00,2024-11-06 05:00:00,434.53564453125,546.785736794782,7.0,785.750645844724
APO,2024-09-23 04:00:00,2024-11-06 05:00:00,123.18208030592076,157.58887930461455,12.0,412.88158798432545
ADI,2024-09-23 04:00:00,2024-11-11 05:00:00,220.9785802854616,220.06431346292,3.0,-2.7428004676247326
AKAM,2024-10-10 04:00:00,2024-11-11 05:00:00,102.97000122070312,91.6500015258789,74.0,-837.6799774169922
APD,2024-08-06 04:00:00,2024-11-25 05:00:00,270.217717282466,324.7259753229511,56.0,3052.462450267165
AXP,2024-08-19 04:00:00,2024-11-25 05:00:00,248.6645088739122,299.8201703406187,19.0,971.957567867423
BAC,2024-09-27 04:00:00,2024-11-27 05:00:00,38.7383620656492,46.7205148384908,1.0,7.9821527728416015
AMZN,2024-09-17 04:00:00,2024-12-09 05:00:00,186.8500061035156,227.2100067138672,10.0,403.6000061035159
AFL,2024-11-22 05:00:00,2024-12-10 05:00:00,110.3315096112792,102.65936090785654,23.0,-176.45942017872127
AIG,2024-10-10 04:00:00,2024-12-10 05:00:00,75.74802699024201,72.50825175541702,50.0,-161.98876174124948
AEP,2024-12-03 05:00:00,2024-12-11 05:00:00,95.5694092212932,92.00367610874744,138.0,-492.0711695313145
ACN,2024-11-15 05:00:00,2024-12-13 05:00:00,355.2086187618822,354.51849001136264,26.0,-17.943347513507888
ADBE,2024-11-20 05:00:00,2024-12-17 05:00:00,505.4100036621094,460.5899963378906,9.0,-403.38006591796875
AJG,2024-11-14 05:00:00,2024-12-18 05:00:00,295.1167177536593,281.1993789791236,63.0,-876.7923427957505
ALGN,2024-12-04 05:00:00,2024-12-19 05:00:00,237.0,215.0,28.0,-616.0
ACN,2024-12-23 05:00:00,2024-12-27 05:00:00,355.50439886300205,353.7297286176326,67.0,-118.90290643975408
AKAM,2024-12-12 05:00:00,2024-12-30 05:00:00,99.19000244140624,96.23999786376952,108.0,-318.6004943847656
A,2024-12-09 05:00:00,2024-12-31 05:00:00,139.67701916751685,133.9724676110372,20.0,-114.09103112959315
APH,2024-10-16 04:00:00,2025-01-02 05:00:00,65.29002670850605,69.74846428982434,20.0,89.16875162636586
ALL,2024-07-22 04:00:00,2025-01-03 05:00:00,171.32837349235126,189.90166980585823,21.0,390.0392225836464
ACN,2025-01-06 05:00:00,2025-01-07 05:00:00,347.84379116702536,350.3480438638839,25.0,62.60631742146359
ALL,2025-01-06 05:00:00,2025-01-07 05:00:00,188.8177421374516,183.3686230052381,93.0,-506.76807929585516
AIZ,2024-11-08 05:00:00,2025-01-08 05:00:00,204.6168077135081,203.9356625288481,146.0,-99.44719696036157
ABT,2024-08-09 04:00:00,2025-01-15 05:00:00,106.74474896512076,110.6420401771222,234.0,911.9661436083356
AMAT,2025-01-17 05:00:00,2025-01-28 05:00:00,191.4617428675193,172.36517180857385,27.0,-515.607418591527
AOS,2025-01-29 05:00:00,2025-01-30 05:00:00,68.33350703809768,65.16865323518803,6.0,-18.989122817457883
ACGL,2025-01-31 05:00:00,2025-02-03 05:00:00,93.9499969482422,92.56999969482422,1.0,-1.379997253417983
APA,2025-01-08 05:00:00,2025-02-04 05:00:00,22.31970380519269,20.301888599044048,724.0,-1460.898209251618
ALGN,2025-01-30 05:00:00,2025-02-05 05:00:00,226.58999633789065,217.00999450683597,1.0,-9.580001831054688
ADI,2025-01-21 05:00:00,2025-02-05 05:00:00,216.4349805676635,202.81091753394827,12.0,-163.48875640458277
APH,2025-01-27 05:00:00,2025-02-06 05:00:00,70.56376720461184,69.81805761698182,3.0,-2.237128762890052
AIZ,2025-02-07 05:00:00,2025-02-14 05:00:00,212.4173258386676,205.57987210456167,21.0,-143.58652841622464
AFL,2025-01-31 05:00:00,2025-02-18 05:00:00,106.07247761448988,101.6167288809625,1.0,-4.455748733527386
A,2025-01-08 05:00:00,2025-02-20 05:00:00,136.82463285443882,136.80477562815102,235.0,-4.66644817763239
BAC,2025-01-16 05:00:00,2025-02-27 05:00:00,46.17480498750408,43.31589535225252,455.0,-1300.8038840394615
APA,2025-02-20 05:00:00,2025-02-28 05:00:00,22.452065491719218,19.313192061409897,387.0,-1214.7440175297072
ABT,2025-01-22 05:00:00,2025-03-03 05:00:00,112.5954184429063,136.31218620944185,12.0,284.60121319842665
ACN,2025-01-29 05:00:00,2025-03-03 05:00:00,376.11451627089696,345.96557274353665,1.0,-30.148943527360302
BA,2024-12-05 05:00:00,2025-03-05 05:00:00,158.5,159.9600067138672,21.0,30.660140991210938
ADI,2025-02-21 05:00:00,2025-03-07 05:00:00,241.8073288781688,221.6998084761776,9.0,-180.96768361792076
APD,2025-01-27 05:00:00,2025-03-12 04:00:00,319.54769045379754,292.95880598938186,1.0,-26.588884464415685
AAPL,2025-02-06 05:00:00,2025-03-13 04:00:00,230.24863411824003,215.2140602896052,38.0,-571.3138054881242
ADBE,2025-02-21 05:00:00,2025-03-13 04:00:00,453.2799987792969,405.2699890136719,9.0,-432.090087890625
ADP,2025-01-30 05:00:00,2025-03-18 04:00:00,298.8579452152125,292.8579866624612,1.0,-5.999958552751309
APTV,2025-01-02 05:00:00,2025-03-21 04:00:00,60.66999816894531,61.720001220703125,512.0,537.6015625
AMCR,2025-02-07 05:00:00,2025-03-24 04:00:00,9.786956462918097,9.387259119106876,120.0,-47.96368125734652
ARE,2025-03-10 04:00:00,2025-03-24 04:00:00,98.06670287116576,92.31825512368748,45.0,-258.68014863652263
AMT,2025-02-14 05:00:00,2025-04-04 04:00:00,185.97814117322756,227.43670403015744,13.0,538.9613171400886
BA,2025-03-31 04:00:00,2025-04-04 04:00:00,170.64999389648438,143.3000030517578,37.0,-1011.9496612548828
AES,2025-03-13 04:00:00,2025-04-07 04:00:00,11.360587368617653,10.05895243248021,680.0,-885.1117565734613
AIZ,2025-03-21 04:00:00,2025-04-07 04:00:00,208.50737599286464,181.53468612428284,98.0,-2643.323607121016
ACGL,2025-03-25 04:00:00,2025-04-08 04:00:00,93.86000061035156,85.7300033569336,137.0,-1113.8096237182617
ALLE,2025-04-01 04:00:00,2025-04-08 04:00:00,129.6115469157248,122.5775217963699,25.0,-175.8506279838727
AMGN,2025-03-03 05:00:00,2025-04-09 04:00:00,302.19621479812497,264.4093928194085,34.0,-1284.7519472763606
ALL,2025-03-06 05:00:00,2025-04-09 04:00:00,195.25225760086707,178.25572117622653,34.0,-577.8822384377784
ABBV,2025-02-07 05:00:00,2025-04-09 04:00:00,188.3942046236666,164.14756320769945,3.0,-72.73992424790148
AFL,2025-02-27 05:00:00,2025-04-15 04:00:00,105.26132470644237,107.82313126295142,105.0,268.98968843345074
AJG,2025-01-28 05:00:00,2025-04-16 04:00:00,294.21019986668,336.37098592788124,4.0,168.64314424480494
AEP,2025-01-23 05:00:00,2025-04-21 04:00:00,94.979961467332,105.1148646945174,7.0,70.94432259029773
AIG,2025-01-28 05:00:00,2025-04-22 04:00:00,75.02445808478699,79.6495517056413,32.0,148.0029958673381
AJG,2025-04-24 04:00:00,2025-04-29 04:00:00,327.9062002785284,320.0588743058352,31.0,-243.26710515348827
AIG,2025-04-23 04:00:00,2025-04-30 04:00:00,81.37031597657179,80.4505947059241,253.0,-232.68948147386425
ACGL,2025-04-24 04:00:00,2025-05-01 04:00:00,92.08999633789062,90.12999725341795,28.0,-54.87997436523477
AFL,2025-04-24 04:00:00,2025-05-05 04:00:00,107.30878907118378,104.06450363831324,49.0,-158.9699862106565
AIG,2025-05-06 04:00:00,2025-05-08 04:00:00,81.59777814915813,81.3109767523959,36.0,-10.324850283440242
AXON,2025-04-24 04:00:00,2025-05-12 04:00:00,576.1500244140625,700.0,1.0,123.8499755859375
AEP,2025-04-23 04:00:00,2025-05-15 04:00:00,104.92954723669703,97.78636217140618,393.0,-2807.2717306593045
AWK,2025-02-20 05:00:00,2025-05-15 04:00:00,127.66865338071656,133.67193859309378,136.0,816.4467888833021
ABBV,2025-05-06 04:00:00,2025-05-15 04:00:00,192.43859545919943,175.23233125664984,8.0,-137.65011362039672
AEE,2025-01-17 05:00:00,2025-05-15 04:00:00,91.53871266082136,94.3960317607739,115.0,328.5916964945414
AES,2025-05-16 04:00:00,2025-05-20 04:00:00,12.18762360254768,10.9893189877665,1423.0,-1705.187466833618
AIZ,2025-05-21 04:00:00,2025-05-23 04:00:00,197.88898941386933,189.79121986841508,83.0,-672.1148722727021
APH,2025-04-24 04:00:00,2025-05-28 04:00:00,72.2518151544964,87.9223107430057,11.0,172.37545147360225
AVGO,2025-05-06 04:00:00,2025-05-28 04:00:00,195.6435223075885,236.18844371922148,1.0,40.54492141163297
APA,2025-05-23 04:00:00,2025-06-02 04:00:00,15.88335795660474,17.26876210465966,315.0,436.4023066373
APO,2025-05-08 04:00:00,2025-06-04 04:00:00,129.73842276028464,130.7851218957875,2.0,2.0933982710057535
BA,2025-04-30 04:00:00,2025-06-04 04:00:00,178.47000122070312,214.7700042724609,81.0,2940.3002471923805
AOS,2025-05-06 04:00:00,2025-06-05 04:00:00,67.0113782219419,63.83403079784584,90.0,-285.961268168645
ATO,2025-02-07 05:00:00,2025-06-05 04:00:00,140.77225452602693,151.48243892902713,16.0,171.36295044800318
AMD,2025-05-09 04:00:00,2025-06-11 04:00:00,102.58999633789062,124.44000244140624,2.0,43.70001220703122
APA,2025-06-03 04:00:00,2025-06-13 04:00:00,16.956557343026365,20.381040280334165,144.0,493.1255429723233
AON,2025-06-06 04:00:00,2025-06-17 04:00:00,372.16889485601786,347.81002162972374,38.0,-925.6371825991766
ACGL,2025-05-12 04:00:00,2025-06-18 04:00:00,95.68000030517578,89.87000274658203,5.0,-29.04998779296875
ALL,2025-05-05 04:00:00,2025-06-20 04:00:00,196.7448030639237,195.10774212953396,60.0,-98.22365606338508
AMCR,2025-06-17 04:00:00,2025-06-23 04:00:00,9.119999885559082,9.0,466.0,-55.91994667053223
AES,2025-06-13 04:00:00,2025-06-23 04:00:00,11.106226780086248,10.161223406748428,306.0,-289.17103224137264
ADP,2025-05-08 04:00:00,2025-06-26 04:00:00,303.7962330683922,297.6937336900113,5.0,-30.51249689190456
AMAT,2025-05-06 04:00:00,2025-06-26 04:00:00,151.13586055762036,182.6664704438946,3.0,94.59182965882275
AMGN,2025-06-12 04:00:00,2025-06-27 04:00:00,291.8424729973634,276.3283475673796,13.0,-201.68363058978986
AIZ,2025-05-27 04:00:00,2025-07-03 04:00:00,195.02103367521525,192.57281145486155,18.0,-44.067999966366585
AFL,2025-07-08 04:00:00,2025-07-09 04:00:00,101.74490768365332,102.4411070055672,16.0,11.139189150622087
AIG,2025-05-13 04:00:00,2025-07-14 04:00:00,82.7251778087745,80.79523202572096,4.0,-7.719783132214161
AES,2025-07-08 04:00:00,2025-07-21 04:00:00,10.84318514774696,13.16185362045722,77.0,178.53747239869008
ALB,2025-07-03 04:00:00,2025-07-24 04:00:00,68.23975181909405,82.06474471420673,40.0,552.9997158045069
ALLE,2025-04-28 04:00:00,2025-07-25 04:00:00,136.5559265767373,164.0399932861328,2.0,54.96813341879101
AVY,2025-05-16 04:00:00,2025-07-29 04:00:00,179.91393306899116,173.43173212225886,191.0,-1238.1003808258677
ALGN,2025-06-23 04:00:00,2025-07-31 04:00:00,180.17999267578125,142.5,65.0,-2449.1995239257812
ANET,2025-07-01 04:00:00,2025-07-31 04:00:00,102.30999755859376,124.54000091552734,86.0,1911.780288696288
AWK,2025-07-18 04:00:00,2025-08-01 04:00:00,140.75566075703807,140.76553422089864,2.0,0.019746927721143948
AXP,2025-05-06 04:00:00,2025-08-05 04:00:00,273.09677022720416,299.0921678577881,2.0,51.99079526116793
APTV,2025-05-13 04:00:00,2025-08-06 04:00:00,66.9800033569336,65.83000183105469,2.0,-2.3000030517578125
ADM,2025-04-25 04:00:00,2025-08-06 04:00:00,47.84390187634088,57.744633274239405,13.0,128.70950817268084
AMT,2025-06-17 04:00:00,2025-08-07 04:00:00,213.2402565863032,207.0944396304941,38.0,-233.54104432074564
A,2025-05-21 04:00:00,2025-08-08 04:00:00,111.54064867854773,114.08092062701498,74.0,187.98012418657652
BAC,2025-05-08 04:00:00,2025-08-12 04:00:00,40.82105236319652,46.22290047507268,21.0,113.43881034939926
AXON,2025-08-08 04:00:00,2025-08-13 04:00:00,872.469970703125,776.97998046875,7.0,-668.429931640625
APO,2025-06-10 04:00:00,2025-08-15 04:00:00,132.59139128820684,141.1959237636944,54.0,464.6447536763282
AMCR,2025-07-03 04:00:00,2025-08-15 04:00:00,9.720000267028809,8.760000228881836,633.0,-607.6800241470337
AMGN,2025-07-09 04:00:00,2025-09-09 04:00:00,296.1078875893471,279.5,1.0,-16.607887589347115
AWK,2025-08-04 04:00:00,2025-09-11 04:00:00,143.96655878583348,137.86469998990253,135.0,-823.7509374506784
AIG,2025-08-27 04:00:00,2025-09-11 04:00:00,82.03793056953117,77.60398380738161,1.0,-4.43394676214956
APD,2025-06-03 04:00:00,2025-09-11 04:00:00,274.5905119618619,286.1097188418282,18.0,207.3457238393935
AEP,2025-07-09 04:00:00,2025-09-12 04:00:00,102.30320979513368,107.80990861871015,12.0,66.08038588291765
ACGL,2025-08-19 04:00:00,2025-09-22 04:00:00,90.54000091552734,88.33999633789062,15.0,-33.00006866455078
AON,2025-08-05 04:00:00,2025-09-22 04:00:00,360.7900085449219,350.5599975585937,27.0,-276.2102966308609
AXON,2025-09-24 04:00:00,2025-09-25 04:00:00,789.2899780273438,696.969970703125,5.0,-461.60003662109375
AMZN,2025-08-18 04:00:00,2025-09-29 04:00:00,230.22999572753903,220.0800018310547,11.0,-111.64993286132781
