Date,Ticker,Type,Price,Shares,Cash_after
2022-12-21 05:00:00,ADM,BUY,85.35762337078685,23.0,98036.7746624719
2022-12-22 05:00:00,ADM,SELL,86.17246431525359,23.0,100018.74134172274
2022-12-22 05:00:00,ALGN,BUY,202.27999877929688,9.0,98198.22135270906
2022-12-27 05:00:00,ADM,BUY,86.96901248408072,22.0,96284.90307805929
2022-12-29 05:00:00,ADM,SELL,85.95274787952948,22.0,98175.86353140893
2023-01-05 05:00:00,AVY,BUY,175.34812636015792,11.0,96247.03414144719
2023-01-09 05:00:00,AOS,BUY,58.277025795948525,33.0,94323.89229018088
2023-01-12 05:00:00,AIZ,BUY,121.17070738559204,15.0,92506.331679397
2023-01-12 05:00:00,ALLE,BUY,110.02290341211648,16.0,90745.96522480313
2023-01-13 05:00:00,APH,BUY,39.19771003853056,46.0,88942.87056303072
2023-01-17 05:00:00,AXP,BUY,150.36472763244245,11.0,87288.85855907385
2023-01-17 05:00:00,AMP,BUY,319.5186574461792,5.0,85691.26527184296
2023-01-17 05:00:00,AXON,BUY,188.30999755859372,9.0,83996.47529381562
2023-01-17 05:00:00,AMAT,BUY,106.70796966552734,15.0,82395.8557488327
2023-01-18 05:00:00,ALGN,SELL,247.27999877929688,9.0,84621.37573784638
2023-01-18 05:00:00,AJG,BUY,190.37660832986668,8.0,83098.36287120744
2023-01-19 05:00:00,AVB,BUY,152.45523397479968,10.0,81573.81053145944
2023-01-19 05:00:00,AMZN,BUY,94.73999786376952,17.0,79963.23056777536
2023-01-20 05:00:00,APTV,BUY,101.51000213623048,15.0,78440.5805357319
2023-01-24 05:00:00,ADSK,BUY,209.30999755859372,7.0,76975.41055282175
2023-01-24 05:00:00,AMD,BUY,73.75,20.0,75500.41055282175
2023-01-30 05:00:00,BAC,BUY,32.71476353019521,46.0,73995.53143043276
2023-01-31 05:00:00,ALB,BUY,261.2556436586862,5.0,72689.25321213933
2023-02-01 05:00:00,APD,BUY,297.51669524463244,4.0,71499.18643116081
2023-02-03 05:00:00,APD,SELL,272.23181961685384,4.0,72588.11370962822
2023-02-03 05:00:00,AKAM,BUY,89.5199966430664,16.0,71155.79376333916
2023-02-03 05:00:00,ATO,BUY,110.99387082808366,12.0,69823.86731340215
2023-02-06 05:00:00,ACN,BUY,274.2903061744992,5.0,68452.41578252966
2023-02-08 05:00:00,AVY,SELL,173.5677097741771,11.0,70361.6605900456
2023-02-09 05:00:00,ALL,BUY,128.79628362337525,10.0,69073.69775381185
2023-02-15 05:00:00,AKAM,SELL,81.52999877929688,16.0,70378.1777342806
2023-02-15 05:00:00,APTV,SELL,122.08999633789062,15.0,72209.52767934896
2023-02-22 05:00:00,AJG,SELL,182.5271568534548,8.0,73669.7449341766
2023-02-22 05:00:00,ALB,SELL,233.1012162638819,5.0,74835.25101549602
2023-03-01 05:00:00,ACN,SELL,254.15975617258488,5.0,76106.04979635894
2023-03-02 05:00:00,APH,SELL,37.787159941450575,46.0,77844.25915366567
2023-03-03 05:00:00,ALL,SELL,119.19572297058382,10.0,79036.2163833715
2023-03-03 05:00:00,BAC,SELL,31.46809695048795,46.0,80483.74884309394
2023-03-06 05:00:00,AIZ,SELL,121.71125774609924,15.0,82309.41770928542
2023-03-06 05:00:00,AMZN,SELL,95.19000244140624,17.0,83927.64775078933
2023-03-06 05:00:00,ABBV,BUY,140.90635500997533,11.0,82377.6778456796
2023-03-07 05:00:00,ALLE,SELL,110.28275220342732,16.0,84142.20188093444
2023-03-07 05:00:00,ATO,SELL,106.78839530733596,12.0,85423.66262462248
2023-03-08 05:00:00,ADSK,SELL,205.83999633789065,7.0,86864.54259898771
2023-03-08 05:00:00,AXON,SELL,226.0,9.0,88898.54259898771
2023-03-10 05:00:00,AVB,SELL,155.27933373856283,10.0,90451.33593637333
2023-03-13 04:00:00,AMP,SELL,281.7740858718364,5.0,91860.20636573252
2023-03-16 04:00:00,AMD,SELL,89.72000122070312,20.0,93654.60639014658
2023-03-20 04:00:00,AXP,SELL,153.10058337262575,11.0,95338.71280724547
2023-03-27 04:00:00,AMZN,BUY,99.06999969482422,19.0,93456.3828130438
2023-03-28 04:00:00,ADBE,BUY,373.4200134277344,5.0,91589.28274590513
2023-03-31 04:00:00,ACGL,BUY,64.56600900930587,28.0,89781.43449364457
2023-04-03 04:00:00,APH,BUY,39.72611122241084,45.0,87993.75948863609
2023-04-04 04:00:00,AON,BUY,310.73465473894225,5.0,86440.08621494137
2023-04-04 04:00:00,ACN,BUY,272.7941972839045,6.0,84803.32103123795
2023-04-05 04:00:00,AMGN,BUY,229.46236021491657,7.0,83197.08450973354
2023-04-05 04:00:00,AEE,BUY,80.35491273517624,20.0,81589.98625503002
2023-04-06 04:00:00,AJG,BUY,191.0923186674473,8.0,80061.24770569043
2023-04-10 04:00:00,AWK,BUY,141.77927470031918,11.0,78501.67568398692
2023-04-10 04:00:00,AEP,BUY,85.10007085386943,18.0,76969.87440861727
2023-04-10 04:00:00,BA,BUY,211.0,7.0,75492.87440861727
2023-04-12 04:00:00,AMCR,BUY,9.79629030074077,154.0,73984.24570230319
2023-04-13 04:00:00,AOS,SELL,62.73592360640775,33.0,76054.53118131464
2023-04-13 04:00:00,AKAM,BUY,81.4800033569336,18.0,74587.89112088984
2023-04-13 04:00:00,APD,BUY,269.68631719061545,5.0,73239.45953493676
2023-04-13 04:00:00,ADM,BUY,74.4926246408857,19.0,71824.09966675992
2023-04-13 04:00:00,ATO,BUY,108.4040008416419,13.0,70414.84765581858
2023-04-13 04:00:00,AMT,BUY,193.14798815528812,7.0,69062.81173873156
2023-04-14 04:00:00,ABT,BUY,98.67172623201796,13.0,67780.07929771532
2023-04-14 04:00:00,APA,BUY,36.557235625034416,37.0,66427.46157958904
2023-04-17 04:00:00,AMAT,SELL,106.7721305314748,15.0,68029.04353756117
2023-04-17 04:00:00,AVY,BUY,170.70124338939493,7.0,66834.1348338354
2023-04-17 04:00:00,AES,BUY,21.40954989185104,62.0,65506.742740540634
2023-04-18 04:00:00,APH,SELL,38.801107371245145,45.0,67252.79257224666
2023-04-19 04:00:00,AVB,BUY,158.1136450296148,8.0,65987.88341200975
2023-04-21 04:00:00,AFL,BUY,62.88078752305416,20.0,64730.26766154866
2023-04-24 04:00:00,APA,SELL,33.574752359045256,37.0,65972.53349883333
2023-04-24 04:00:00,AOS,BUY,65.60009745145227,20.0,64660.53154980429
2023-04-26 04:00:00,BA,SELL,208.25,7.0,66118.28154980429
2023-04-27 04:00:00,AMCR,SELL,9.573445269300802,154.0,67592.59212127661
2023-04-27 04:00:00,AVY,SELL,156.9246996473772,7.0,68691.06501880825
2023-04-28 04:00:00,AES,SELL,20.708891491715,62.0,69975.01629129458
2023-05-03 04:00:00,ADM,SELL,69.79769313190225,19.0,71301.17246080072
2023-05-03 04:00:00,AIZ,BUY,121.0400914437725,11.0,69969.73145491922
2023-05-04 04:00:00,AMT,SELL,175.8205674264534,7.0,71200.47542690439
2023-05-04 04:00:00,ALLE,BUY,105.07039718401276,13.0,69834.56026351222
2023-05-05 04:00:00,ABBV,SELL,135.58496073487143,11.0,71325.9948315958
2023-05-05 04:00:00,ADBE,SELL,338.9800109863281,5.0,73020.89488652744
2023-05-05 04:00:00,AMGN,SELL,214.77537740059933,7.0,74524.32252833164
2023-05-08 04:00:00,AME,BUY,143.11137141634887,10.0,73093.20881416816
2023-05-10 04:00:00,AIG,BUY,50.60357430591087,28.0,71676.30873360265
2023-05-12 04:00:00,AMD,BUY,96.83000183105467,14.0,70320.68870796789
2023-05-16 04:00:00,ACN,SELL,266.78864305296133,6.0,71921.42056628565
2023-05-18 04:00:00,AEP,SELL,78.56832992655096,18.0,73335.65050496357
2023-05-18 04:00:00,APD,SELL,258.65304639804305,5.0,74628.91573695379
2023-05-18 04:00:00,ACN,BUY,273.96174712829645,5.0,73259.10700131231
2023-05-18 04:00:00,AVGO,BUY,63.29328579737907,23.0,71803.36142797259
2023-05-18 04:00:00,AMAT,BUY,122.99031525791874,11.0,70450.46796013549
2023-05-18 04:00:00,APO,BUY,60.47024202782118,23.0,69059.6523934956
2023-05-19 04:00:00,AEE,SELL,77.45406680163059,20.0,70608.73372952822
2023-05-23 04:00:00,ADSK,BUY,199.2700042724609,7.0,69213.843699621
2023-05-23 04:00:00,ANET,BUY,35.99250030517578,38.0,67846.12868802431
2023-05-24 04:00:00,AWK,SELL,135.55771299038162,11.0,69337.26353091851
2023-05-25 04:00:00,AMD,SELL,117.30999755859376,14.0,70979.60349673883
2023-05-25 04:00:00,AMP,BUY,282.7911904662263,5.0,69565.6475444077
2023-05-30 04:00:00,AMZN,SELL,122.37000274658205,19.0,71890.67759659275
2023-05-30 04:00:00,AOS,SELL,63.67550674522062,20.0,73164.18773149716
2023-05-30 04:00:00,AVGO,SELL,80.57544589907462,23.0,75017.42298717589
2023-05-30 04:00:00,ADBE,BUY,429.9400024414063,3.0,73727.60297985167
2023-05-31 04:00:00,AON,SELL,304.43683306206003,5.0,75249.78714516197
2023-06-01 04:00:00,ABT,SELL,97.05273381280524,13.0,76511.47268472845
2023-06-02 04:00:00,AFL,SELL,62.31142234318821,20.0,77757.70113159221
2023-06-06 04:00:00,ACGL,SELL,68.18893214033922,28.0,79666.99123152171
2023-06-06 04:00:00,AXP,BUY,162.8662883603175,9.0,78201.19463627884
2023-06-07 04:00:00,AJG,SELL,201.29741624899583,8.0,79811.57396627081
2023-06-08 04:00:00,BA,BUY,212.33999633789065,7.0,78325.19399190557
2023-06-08 04:00:00,BAC,BUY,27.59994852827554,56.0,76779.59687432215
2023-06-09 04:00:00,AFL,BUY,65.06408413067466,23.0,75283.12293931663
2023-06-09 04:00:00,APH,BUY,38.77173565996737,38.0,73809.79698423787
2023-06-13 04:00:00,AOS,BUY,65.65401428753104,22.0,72365.40866991218
2023-06-14 04:00:00,APO,SELL,72.9301909963944,23.0,74042.80306282926
2023-06-14 04:00:00,ADP,BUY,211.07024113109796,7.0,72565.31137491157
2023-06-14 04:00:00,ALB,BUY,222.29259303495272,6.0,71231.55581670186
2023-06-16 04:00:00,ADBE,SELL,518.22998046875,3.0,72786.24575810811
2023-06-16 04:00:00,AJG,BUY,211.8197684187175,6.0,71515.3271475958
2023-06-16 04:00:00,ADI,BUY,183.1863841376396,7.0,70233.02245863233
2023-06-20 04:00:00,APD,BUY,272.0318210712848,5.0,68872.86335327591
2023-06-20 04:00:00,APTV,BUY,101.0,13.0,67559.86335327591
2023-06-21 04:00:00,ALGN,BUY,330.8099975585937,4.0,66236.62336304154
2023-06-22 04:00:00,AWK,BUY,140.75948122349138,9.0,64969.78803203011
2023-06-23 04:00:00,AON,BUY,327.47125097756094,3.0,63987.37427909743
2023-06-28 04:00:00,AWK,SELL,134.78356588172684,9.0,65200.42637203297
2023-07-03 04:00:00,ABT,BUY,103.090548626894,12.0,63963.33978851024
2023-07-03 04:00:00,AVY,BUY,164.8611213439585,7.0,62809.31193910253
2023-07-06 04:00:00,ADM,BUY,71.01877940876814,17.0,61601.99268915347
2023-07-07 04:00:00,AIZ,SELL,119.82143696208314,11.0,62920.028495736384
2023-07-07 04:00:00,AMT,BUY,180.61730484226337,6.0,61836.324666682805
2023-07-10 04:00:00,ACGL,BUY,71.10818858128899,17.0,60627.48546080089
2023-07-10 04:00:00,APA,BUY,31.642983817284208,38.0,59425.05207574409
2023-07-14 04:00:00,AES,BUY,19.3413224994754,61.0,58245.23140327609
2023-07-17 04:00:00,AEE,BUY,79.383119455037,14.0,57133.86773090557
2023-07-18 04:00:00,AMGN,BUY,212.26371999674265,5.0,56072.549130921856
2023-07-18 04:00:00,AEP,BUY,77.79600828265664,14.0,54983.405014964665
2023-07-19 04:00:00,AMP,SELL,341.0694306470472,5.0,56688.7521681999
2023-07-19 04:00:00,ANET,SELL,43.6150016784668,38.0,58346.12223198164
2023-07-20 04:00:00,ARE,BUY,106.66546918962958,10.0,57279.467540085345
2023-07-21 04:00:00,AIZ,BUY,125.32704536718542,9.0,56151.52413178068
2023-07-24 04:00:00,A,BUY,125.4875107882518,8.0,55147.624045474666
2023-07-25 04:00:00,AWK,BUY,139.0601813534026,7.0,54174.20277600085
2023-07-25 04:00:00,ABBV,BUY,131.42141023782358,8.0,53122.83149409826
2023-07-26 04:00:00,ALB,SELL,203.59388361354385,6.0,54344.394795779524
2023-07-26 04:00:00,AMT,SELL,173.34217182664125,6.0,55384.44782673937
2023-07-27 04:00:00,ALGN,SELL,403.8299865722656,4.0,56999.767773028434
2023-07-27 04:00:00,AMCR,BUY,9.21133337880343,123.0,55866.77376743561
2023-07-31 04:00:00,AMAT,SELL,148.9076346132726,11.0,57504.75774818161
2023-08-03 04:00:00,AXP,SELL,161.46777127006376,9.0,58957.96768961218
2023-08-03 04:00:00,ALL,BUY,100.74595277228796,11.0,57849.76220911701
2023-08-04 04:00:00,APA,SELL,38.39812683334655,38.0,59308.89102878418
2023-08-07 04:00:00,AES,SELL,17.718564247571212,61.0,60389.72344788603
2023-08-07 04:00:00,ALL,SELL,105.0439547028708,11.0,61545.206949617605
2023-08-08 04:00:00,AEP,SELL,73.26197619288475,14.0,62570.87461631799
2023-08-08 04:00:00,ALLE,SELL,108.45173849528334,13.0,63980.747216756674
2023-08-08 04:00:00,AON,SELL,313.3754157609546,3.0,64920.873464039534
2023-08-09 04:00:00,ADSK,SELL,203.6999969482422,7.0,66346.77344267722
2023-08-09 04:00:00,AKAM,SELL,101.5,18.0,68173.77344267722
2023-08-09 04:00:00,AVB,SELL,170.94461927958378,8.0,69541.3303969139
2023-08-10 04:00:00,AMCR,SELL,8.77828353450472,123.0,70621.05927165797
2023-08-10 04:00:00,AWK,SELL,133.74179347538305,7.0,71557.25182598566
2023-08-11 04:00:00,AEE,SELL,74.98018483163253,14.0,72606.97441362852
2023-08-14 04:00:00,APD,SELL,271.64625177691227,5.0,73965.20567251308
2023-08-15 04:00:00,ABT,SELL,101.57547974404706,12.0,75184.11142944165
2023-08-15 04:00:00,ADI,SELL,175.94513159837618,7.0,76415.72735063027
2023-08-15 04:00:00,ATO,SELL,109.4679959044222,13.0,77838.81129738776
2023-08-16 04:00:00,APTV,SELL,96.43000030517578,13.0,79092.40130135504
2023-08-17 04:00:00,AXON,BUY,200.4199981689453,7.0,77689.46131417243
2023-08-18 04:00:00,ACN,SELL,292.63962942828226,5.0,79152.65946131384
2023-08-18 04:00:00,AOS,SELL,66.66140181857018,22.0,80619.21030132238
2023-08-22 04:00:00,AME,SELL,153.1546123432908,10.0,82150.7564247553
2023-08-23 04:00:00,BAC,SELL,26.81757354736328,56.0,83652.54054340764
2023-08-24 04:00:00,ARE,SELL,104.70683978832068,10.0,84699.60894129085
2023-08-25 04:00:00,A,SELL,117.79818858438308,8.0,85641.99444996592
2023-08-25 04:00:00,ACGL,SELL,71.76430931365486,17.0,86861.98770829805
2023-08-25 04:00:00,AIG,SELL,55.45731067413383,28.0,88414.7924071738
2023-08-28 04:00:00,AMAT,BUY,142.7282727418014,12.0,86702.05313427218
2023-08-30 04:00:00,ACN,BUY,312.9033181459196,5.0,85137.53654354258
2023-08-31 04:00:00,ADSK,BUY,221.7400054931641,7.0,83585.35650509043
2023-09-05 04:00:00,ADM,SELL,74.05032661337617,17.0,84844.21205751783
2023-09-05 04:00:00,AON,BUY,328.9088774022646,5.0,83199.6676705065
2023-09-05 04:00:00,AVGO,BUY,84.34046008715211,19.0,81597.19892885062
2023-09-07 04:00:00,AME,BUY,154.68201853192272,10.0,80050.37874353139
2023-09-08 04:00:00,AVGO,SELL,82.9330402837916,19.0,81626.10650892343
2023-09-08 04:00:00,BA,SELL,215.8300018310547,7.0,83136.91652174082
2023-09-11 04:00:00,APD,BUY,282.9719610274261,5.0,81722.05671660368
2023-09-12 04:00:00,AME,SELL,150.56295145401683,10.0,83227.68623114385
2023-09-12 04:00:00,AVGO,BUY,82.47132172734852,20.0,81578.25979659687
2023-09-13 04:00:00,AVGO,SELL,82.17548203598662,20.0,83221.7694373166
2023-09-13 04:00:00,AMP,BUY,338.161111205028,4.0,81869.1249924965
2023-09-13 04:00:00,ACGL,BUY,74.94982498664584,21.0,80295.17866777693
2023-09-14 04:00:00,AIG,BUY,58.46239110582151,27.0,78716.69410791974
2023-09-14 04:00:00,ALL,BUY,105.25744534459466,14.0,77243.08987309542
2023-09-20 04:00:00,AMAT,SELL,136.2946282386501,12.0,78878.62541195922
2023-09-20 04:00:00,APH,SELL,42.61667131177353,38.0,80498.05892180662
2023-09-21 04:00:00,AMGN,SELL,255.57974298554265,5.0,81775.95763673433
2023-09-22 04:00:00,ADP,SELL,227.56426984508,7.0,83368.90752564989
2023-09-25 04:00:00,ACN,SELL,304.93119165326146,5.0,84893.5634839162
2023-09-25 04:00:00,ADSK,SELL,203.00999450683597,7.0,86314.63344546405
2023-09-27 04:00:00,AMP,SELL,318.91569480163275,4.0,87590.29622467057
2023-09-29 04:00:00,APD,SELL,273.24709418054323,5.0,88956.53169557329
2023-10-03 04:00:00,AXON,SELL,195.38999938964844,7.0,90324.26169130082
2023-10-04 04:00:00,AVY,SELL,175.32541385232736,7.0,91551.53958826711
2023-10-09 04:00:00,AON,SELL,320.2813906957683,5.0,93152.94654174596
2023-10-09 04:00:00,AVY,BUY,176.90778584726925,10.0,91383.86868327326
2023-10-10 04:00:00,ABBV,SELL,137.87253873738686,8.0,92486.84899317236
2023-10-12 04:00:00,AXON,BUY,220.67999267578125,8.0,90721.40905176611
2023-10-16 04:00:00,ADBE,BUY,553.1799926757812,3.0,89061.86907373877
2023-10-16 04:00:00,AVGO,BUY,86.89273511862679,20.0,87324.01437136623
2023-10-17 04:00:00,AMD,BUY,103.54000091552734,16.0,85667.37435671779
2023-10-18 04:00:00,ADP,BUY,239.00860348898885,7.0,83994.31413229486
2023-10-18 04:00:00,ADSK,BUY,211.3500061035156,7.0,82514.86408957026
2023-10-18 04:00:00,AOS,BUY,67.88982505998543,24.0,80885.5082881306
2023-10-23 04:00:00,ADSK,SELL,201.6199951171875,7.0,82296.84825395091
2023-10-23 04:00:00,AVY,SELL,166.86354856867507,10.0,83965.48373963767
2023-10-24 04:00:00,ADP,SELL,230.81082019251983,7.0,85581.15948098531
2023-10-25 04:00:00,AMD,SELL,100.41999816894533,16.0,87187.87945168844
2023-10-26 04:00:00,AOS,SELL,63.76308481699044,24.0,88718.1934872962
2023-10-31 04:00:00,AXON,SELL,202.32000732421875,8.0,90336.75354588995
2023-11-01 04:00:00,ADBE,SELL,535.0,3.0,91941.75354588995
2023-11-01 04:00:00,AIZ,SELL,153.82454204310218,9.0,93326.17442427787
2023-11-02 04:00:00,ALL,SELL,129.68040100152808,14.0,95141.70003829926
2023-11-02 04:00:00,AVGO,SELL,84.06741125959957,20.0,96823.04826349125
2023-11-03 04:00:00,AFL,SELL,78.51795339739262,23.0,98628.96119163127
2023-11-03 04:00:00,AMT,BUY,174.18485107774424,11.0,96712.92782977609
2023-11-06 05:00:00,AVGO,BUY,85.9750082896087,22.0,94821.4776474047
2023-11-06 05:00:00,AOS,BUY,68.95420420697207,27.0,92959.71413381645
2023-11-07 05:00:00,AEP,BUY,72.70020139126677,25.0,91142.20909903478
2023-11-08 05:00:00,ADBE,BUY,589.0,3.0,89375.20909903478
2023-11-08 05:00:00,AES,BUY,14.813622318998329,120.0,87597.57442075497
2023-11-08 05:00:00,AMZN,BUY,142.97000122070312,12.0,85881.93440610653
2023-11-09 05:00:00,AMD,BUY,114.0999984741211,15.0,84170.43442899472
2023-11-10 05:00:00,AKAM,BUY,110.19000244140624,15.0,82517.58439237362
2023-11-13 05:00:00,BAC,BUY,26.1761213975408,63.0,80868.48874432856
2023-11-14 05:00:00,ACN,BUY,310.32951274666283,5.0,79316.84118059523
2023-11-14 05:00:00,APH,BUY,43.04460396877832,36.0,77767.23543771921
2023-11-14 05:00:00,AXP,BUY,153.09784456946835,10.0,76236.25699202453
2023-11-14 05:00:00,AMP,BUY,331.6842968622938,4.0,74909.51980457535
2023-11-14 05:00:00,AMAT,BUY,150.31109026488724,9.0,73556.71999219137
2023-11-15 05:00:00,AAPL,BUY,186.09257648247507,7.0,72254.07195681405
2023-11-15 05:00:00,ATO,BUY,107.96904797601032,13.0,70850.47433312591
2023-11-15 05:00:00,AON,BUY,327.8895627217145,4.0,69538.91608223905
2023-11-15 05:00:00,AEE,BUY,72.40936891087563,19.0,68163.13807293242
2023-11-15 05:00:00,BA,BUY,208.2100067138672,6.0,66913.87803264921
2023-11-15 05:00:00,AMCR,BUY,8.500635566202805,157.0,65579.27824875538
2023-11-16 05:00:00,AME,BUY,151.59132322223294,8.0,64366.547662977515
2023-11-16 05:00:00,AVY,BUY,182.09874248068692,7.0,63091.856465612706
2023-11-16 05:00:00,AMGN,BUY,258.10054029469626,4.0,62059.45430443392
2023-11-16 05:00:00,AWK,BUY,125.69553988840134,9.0,60928.19444543831
2023-11-17 05:00:00,ALLE,BUY,104.20707054033312,11.0,59781.91666949465
2023-11-17 05:00:00,ADSK,BUY,215.3000030517578,5.0,58705.41665423586
2023-11-17 05:00:00,ADI,BUY,176.7428240784427,6.0,57644.9597097652
2023-11-17 05:00:00,A,BUY,112.30139792438618,10.0,56521.94573052134
2023-11-20 05:00:00,AEE,SELL,72.04342988132983,19.0,57890.7708982666
2023-11-20 05:00:00,ABT,BUY,95.20990765492571,12.0,56748.25200640749
2023-11-21 05:00:00,AMGN,SELL,251.2174684391456,4.0,57753.12188016407
2023-11-24 05:00:00,APO,BUY,87.68835519913021,13.0,56613.17326257538
2023-11-27 05:00:00,ADM,BUY,69.31975741048831,16.0,55504.057144007566
2023-11-28 05:00:00,AEE,BUY,72.65334346455833,15.0,54414.25699203919
2023-11-29 05:00:00,AVB,BUY,163.38176355685675,6.0,53433.96641069805
2023-11-29 05:00:00,ARE,BUY,98.25570627429408,10.0,52451.40934795511
2023-12-08 05:00:00,ACGL,SELL,74.81669791892159,21.0,54022.56000425246
2023-12-11 05:00:00,ABBV,BUY,140.44569302763537,7.0,53039.44015305901
2023-12-11 05:00:00,AMGN,BUY,257.4851065139502,4.0,52009.49972700321
2023-12-13 05:00:00,AMD,SELL,137.97000122070312,15.0,54079.04974531376
2023-12-13 05:00:00,AVGO,SELL,104.15776425320698,22.0,56370.52055888431
2023-12-14 05:00:00,AES,SELL,17.87226744118822,120.0,58515.192651826896
2023-12-14 05:00:00,BA,SELL,250.91000366210935,6.0,60020.65267379955
2023-12-14 05:00:00,ADP,BUY,231.41993531304496,5.0,58863.55299723433
2023-12-15 05:00:00,A,SELL,135.2188265252167,10.0,60215.741262486496
2023-12-15 05:00:00,ARE,SELL,119.69559121827828,10.0,61412.69717466928
2023-12-15 05:00:00,BAC,SELL,32.40166613776288,63.0,63454.00214134834
2023-12-18 05:00:00,AON,SELL,308.21460277242,4.0,64686.86055243802
2023-12-18 05:00:00,ALGN,BUY,254.5200042724609,5.0,63414.26053107571
2023-12-19 05:00:00,AJG,SELL,223.82771703758343,6.0,64757.22683330121
2023-12-20 05:00:00,AEE,SELL,68.41930268825965,15.0,65783.51637362511
2023-12-22 05:00:00,APTV,BUY,88.88999938964844,14.0,64539.056382170034
2023-12-27 05:00:00,ALB,BUY,148.22810356083565,8.0,63353.23155368335
2023-12-29 05:00:00,ADM,SELL,67.58677128618667,16.0,64434.61989426234
2024-01-02 05:00:00,APD,BUY,260.2651658149944,4.0,63393.55923100236
2024-01-04 05:00:00,APTV,SELL,81.0,14.0,64527.55923100236
2024-01-05 05:00:00,ALB,SELL,131.03368121099172,8.0,65575.82868069029
2024-01-08 05:00:00,ADBE,SELL,567.8699951171875,3.0,67279.43866604185
2024-01-08 05:00:00,AXP,SELL,184.60517973379447,10.0,69125.4904633798
2024-01-17 05:00:00,AMAT,SELL,150.71281087744154,9.0,70481.90576127678
2024-01-17 05:00:00,APD,SELL,246.6273363872163,4.0,71468.41510682565
2024-01-22 05:00:00,AWK,SELL,119.68367437954332,9.0,72545.56817624153
2024-01-22 05:00:00,AMAT,BUY,165.54686186741674,8.0,71221.1932813022
2024-01-24 05:00:00,AEP,SELL,73.07319017466149,25.0,73048.02303566874
2024-01-25 05:00:00,AMT,SELL,188.13307174890505,11.0,75117.4868249067
2024-01-25 05:00:00,ATO,SELL,106.73121167857052,13.0,76504.99257672811
2024-01-26 05:00:00,ADBE,BUY,620.7000122070312,2.0,75263.59255231405
2024-01-29 05:00:00,AMCR,SELL,8.828644261858052,157.0,76649.68970142576
2024-01-29 05:00:00,ACGL,BUY,75.37772008107066,20.0,75142.13529980434
2024-01-29 05:00:00,AJG,BUY,228.7340095561651,6.0,73769.73124246736
2024-01-30 05:00:00,AVB,SELL,167.35284697511383,6.0,74773.84832431804
2024-01-31 05:00:00,AJG,SELL,228.00495963364185,6.0,76141.87808211989
2024-02-06 05:00:00,APTV,BUY,81.72000122070312,18.0,74670.91806014723
2024-02-07 05:00:00,A,BUY,134.7369585235993,11.0,73188.81151638764
2024-02-08 05:00:00,ALLE,SELL,125.92384551724784,11.0,74573.97381707736
2024-02-09 05:00:00,ADSK,SELL,262.8500061035156,5.0,75888.22384759494
2024-02-09 05:00:00,AOS,SELL,77.72502000002501,27.0,77986.79938759562
2024-02-09 05:00:00,APH,SELL,51.762333239689866,36.0,79850.24338422445
2024-02-09 05:00:00,APTV,SELL,81.12000274658203,18.0,81310.40343366293
2024-02-12 05:00:00,AMZN,SELL,174.8000030517578,12.0,83408.00347028402
2024-02-12 05:00:00,APO,SELL,106.73201951732656,13.0,84795.51972400927
2024-02-12 05:00:00,AJG,BUY,235.4629789467304,7.0,83147.27887138215
2024-02-14 05:00:00,A,SELL,129.28903784592617,11.0,84569.45828768733
2024-02-14 05:00:00,ADI,SELL,180.47822673340232,6.0,85652.32764808774
2024-02-15 05:00:00,ALGN,SELL,307.3599853515625,5.0,87189.12757484555
2024-02-15 05:00:00,AON,BUY,304.8301610616569,5.0,85664.97676953727
2024-02-15 05:00:00,A,BUY,131.25305883590036,13.0,83958.68700467057
2024-02-16 05:00:00,AMAT,SELL,198.85704218853647,8.0,85549.54334217886
2024-02-20 05:00:00,ADBE,SELL,531.5,2.0,86612.54334217886
2024-02-21 05:00:00,AMGN,SELL,271.7877772394886,4.0,87699.69445113682
2024-02-21 05:00:00,AOS,BUY,77.35715434532912,22.0,85997.83705553958
2024-02-22 05:00:00,A,SELL,130.74969892350526,13.0,87697.58314154515
2024-02-22 05:00:00,AKAM,SELL,108.47000122070312,15.0,89324.6331598557
2024-02-23 05:00:00,ABT,SELL,115.42261204132632,12.0,90709.70450435161
2024-02-23 05:00:00,AEP,BUY,77.013638711466,23.0,88938.39081398789
2024-02-27 05:00:00,AAPL,SELL,179.63461828889808,7.0,90195.83314201017
2024-02-27 05:00:00,AMP,SELL,398.9414391019505,4.0,91791.59889841797
2024-02-28 05:00:00,ABBV,SELL,169.24733641142743,7.0,92976.33025329796
2024-02-29 05:00:00,A,BUY,135.71401387090654,13.0,91212.04807297618
2024-03-01 05:00:00,AIG,SELL,70.18726348876953,27.0,93107.10418717295
2024-03-04 05:00:00,AEE,BUY,66.8774326245424,27.0,91301.41350631032
2024-03-07 05:00:00,ACN,SELL,374.5986076677584,5.0,93174.40654464911
2024-03-08 05:00:00,AVB,BUY,175.6959840794644,10.0,91417.44670385447
2024-03-11 04:00:00,ATO,BUY,111.97613289781238,16.0,89625.82857748948
2024-03-11 04:00:00,ADI,BUY,189.8045363375436,9.0,87917.58775045158
2024-03-12 04:00:00,AFL,BUY,80.45242161441855,21.0,86228.08689654879
2024-03-12 04:00:00,AMT,BUY,194.0962833067411,8.0,84675.31663009487
2024-03-12 04:00:00,ALB,BUY,122.95415671756186,13.0,83076.91259276656
2024-03-13 04:00:00,ALB,SELL,118.89985934368414,13.0,84622.61076423446
2024-03-14 04:00:00,AMCR,BUY,8.894704813031069,190.0,82932.61684975856
2024-03-18 04:00:00,APA,BUY,29.847223443415636,55.0,81291.0195603707
2024-03-19 04:00:00,ADP,SELL,235.06304868236072,5.0,82466.3348037825
2024-03-19 04:00:00,APD,BUY,235.00606059858404,7.0,80821.29237959241
2024-03-20 04:00:00,ADM,BUY,57.710735663376646,28.0,79205.39178101787
2024-03-21 04:00:00,AME,SELL,182.74538465543063,8.0,80667.35485826131
2024-03-21 04:00:00,ADP,BUY,240.78047966043232,6.0,79222.67198029872
2024-03-27 04:00:00,AMT,SELL,184.6042320685168,8.0,80699.50583684686
2024-04-02 04:00:00,AES,BUY,16.41070198851691,98.0,79091.2570419722
2024-04-08 04:00:00,ADP,SELL,236.80735725665264,6.0,80512.10118551212
2024-04-09 04:00:00,ALB,BUY,129.0249579266882,12.0,78963.80169039186
2024-04-11 04:00:00,AWK,BUY,114.42847426766576,13.0,77476.2315249122
2024-04-12 04:00:00,AJG,SELL,234.51898718385624,7.0,79117.8644351992
2024-04-12 04:00:00,AWK,SELL,113.13274208690646,13.0,80588.59008232898
2024-04-16 04:00:00,AES,SELL,14.719348986195444,98.0,82031.08628297613
2024-04-16 04:00:00,ALB,SELL,113.45498463919488,12.0,83392.54609864648
2024-04-16 04:00:00,AMCR,SELL,8.368724818950538,190.0,84982.60381424708
2024-04-17 04:00:00,AON,SELL,301.39274731779506,5.0,86489.56755083606
2024-04-19 04:00:00,AFL,SELL,78.9408525848865,21.0,88147.32545511867
2024-04-19 04:00:00,AVY,SELL,203.56841617879925,7.0,89572.30436837027
2024-04-22 04:00:00,A,SELL,132.00994621589612,13.0,91288.43366917691
2024-04-22 04:00:00,AEP,SELL,78.88263002600345,23.0,93102.73415977499
2024-04-22 04:00:00,APD,SELL,223.280654956784,7.0,94665.69874447248
2024-04-23 04:00:00,ADI,SELL,182.39179852709657,9.0,96307.22493121635
2024-04-26 04:00:00,AEP,BUY,81.57812054228594,23.0,94430.92815874377
2024-04-30 04:00:00,APA,SELL,30.284352473671248,55.0,96096.56754479569
2024-04-30 04:00:00,AFL,BUY,81.46982828643459,23.0,94222.76149420769
2024-05-01 04:00:00,AOS,SELL,80.49342421387632,22.0,95993.61682691297
2024-05-01 04:00:00,AWK,BUY,117.21194107249536,16.0,94118.22576975304
2024-05-01 04:00:00,ADI,BUY,192.20389543704655,9.0,92388.39071081963
2024-05-02 04:00:00,ACGL,SELL,91.02951737514545,20.0,94208.98105832253
2024-05-02 04:00:00,AIG,BUY,75.73057105074564,24.0,92391.44735310464
2024-05-06 04:00:00,AVY,BUY,215.89998026537268,8.0,90664.24751098166
2024-05-06 04:00:00,APD,BUY,238.20261409513856,7.0,88996.82921231569
2024-05-06 04:00:00,AXON,BUY,322.0,5.0,87386.82921231569
2024-05-06 04:00:00,AMZN,BUY,186.27999877929688,9.0,85710.30922330201
2024-05-06 04:00:00,AMCR,BUY,9.448863969740469,181.0,84000.06484477899
2024-05-06 04:00:00,AMGN,BUY,296.6345390494764,5.0,82516.8921495316
2024-05-08 04:00:00,ALB,BUY,124.35590456631247,13.0,80900.26539016954
2024-05-10 04:00:00,APTV,BUY,83.69999694824219,19.0,79309.96544815294
2024-05-13 04:00:00,AMP,BUY,426.2291986491499,3.0,78031.27785220549
2024-05-15 04:00:00,AJG,BUY,246.4691153147106,6.0,76552.46316031722
2024-05-15 04:00:00,A,BUY,151.2470084781943,10.0,75039.99307553527
2024-05-15 04:00:00,APO,BUY,108.62815977048474,13.0,73627.82699851897
2024-05-15 04:00:00,AMAT,BUY,209.52747409833077,7.0,72161.13467983065
2024-05-16 04:00:00,AXON,SELL,293.6000061035156,5.0,73629.13471034823
2024-05-16 04:00:00,AAPL,BUY,189.18508101005293,7.0,72304.83914327786
2024-05-16 04:00:00,AVGO,BUY,140.3065499646108,10.0,70901.77364363175
2024-05-17 04:00:00,ADP,BUY,242.32127322851045,5.0,69690.16727748919
2024-05-17 04:00:00,ARE,BUY,114.61617335135443,12.0,68314.77319727294
2024-05-20 04:00:00,AMT,BUY,184.6916706791013,7.0,67021.93150251923
2024-05-20 04:00:00,BA,BUY,184.6499938964844,7.0,65729.38154524384
2024-05-23 04:00:00,ADI,SELL,234.94404987687656,9.0,67843.87799413574
2024-05-29 04:00:00,ADM,SELL,57.66765458139943,28.0,69458.57232241493
2024-05-29 04:00:00,ATO,SELL,108.16600498068796,16.0,71189.22840210593
2024-05-30 04:00:00,A,SELL,123.8643997982588,10.0,72427.87240008851
2024-05-30 04:00:00,AEE,SELL,67.50095209508994,27.0,74250.39810665594
2024-05-30 04:00:00,AMD,BUY,167.89999389648438,8.0,72907.19815548406
2024-05-31 04:00:00,ARE,SELL,107.91896611756545,12.0,74202.22574889485
2024-06-03 04:00:00,AMZN,SELL,177.6999969482422,9.0,75801.52572142903
2024-06-06 04:00:00,ALB,SELL,113.57147405673396,13.0,77277.95488416657
2024-06-07 04:00:00,ADP,SELL,241.18746441891105,5.0,78483.89220626112
2024-06-11 04:00:00,ADM,BUY,58.63053401727812,26.0,76959.49832181189
2024-06-12 04:00:00,AIG,SELL,72.4581342753459,24.0,78698.49354442018
2024-06-12 04:00:00,APTV,SELL,76.9800033569336,19.0,80161.11360820192
2024-06-13 04:00:00,ADP,BUY,236.71047973632807,6.0,78740.85072978395
2024-06-13 04:00:00,ABBV,BUY,157.67269951948006,9.0,77321.79643410863
2024-06-14 04:00:00,AMZN,BUY,183.0800018310547,8.0,75857.1564194602
2024-06-17 04:00:00,AVGO,SELL,177.1050258132996,10.0,77628.20667759319
2024-06-18 04:00:00,ADSK,BUY,240.50999450683597,6.0,76185.14671055217
2024-06-20 04:00:00,ADM,SELL,57.01938741555173,26.0,77667.65078335651
2024-06-20 04:00:00,ADBE,BUY,527.6699829101562,2.0,76612.3108175362
2024-06-21 04:00:00,AON,BUY,293.89041084501343,5.0,75142.85876331113
2024-06-21 04:00:00,ATO,BUY,113.72492805696764,13.0,73664.43469857055
2024-06-25 04:00:00,ADM,BUY,59.02140357440536,24.0,72247.92101278482
2024-06-26 04:00:00,ADM,SELL,57.49605622803152,24.0,73627.82636225758
2024-06-26 04:00:00,AEP,SELL,82.03700566935066,23.0,75514.67749265264
2024-06-28 04:00:00,ADP,SELL,232.21735707412736,6.0,76907.9816350974
2024-06-28 04:00:00,BA,SELL,182.6000061035156,7.0,78186.18167782201
2024-07-02 04:00:00,BA,BUY,186.33999633789065,8.0,76695.46170711888
2024-07-02 04:00:00,ACN,BUY,294.20110573932976,5.0,75224.45617842223
2024-07-03 04:00:00,AMCR,SELL,9.149162292480469,181.0,76880.4545533612
2024-07-03 04:00:00,AVY,SELL,209.73839552197643,8.0,78558.361717537
2024-07-03 04:00:00,ADM,BUY,59.45993787841113,26.0,77012.40333269832
2024-07-08 04:00:00,ATO,SELL,111.4799792623238,13.0,78461.64306310852
2024-07-09 04:00:00,APD,SELL,246.47817300175595,7.0,80186.99027412082
2024-07-09 04:00:00,AWK,SELL,125.03966693553753,16.0,82187.62494508942
2024-07-10 04:00:00,AAPL,SELL,227.75311249906628,7.0,83781.89673258289
2024-07-10 04:00:00,AXON,BUY,299.0,5.0,82286.89673258289
2024-07-11 04:00:00,AMAT,SELL,252.45442645888087,7.0,84054.07771779505
2024-07-12 04:00:00,AXP,BUY,235.8069774456468,7.0,82403.42887567553
2024-07-12 04:00:00,AWK,BUY,132.1922084727483,12.0,80817.12237400255
2024-07-15 04:00:00,ATO,BUY,116.93200904079096,13.0,79297.00625647226
2024-07-15 04:00:00,ARE,BUY,117.26913426987116,13.0,77772.50751096393
2024-07-17 04:00:00,AKAM,BUY,97.0,16.0,76220.50751096393
2024-07-17 04:00:00,AEE,BUY,71.4161509490967,21.0,74720.7683410329
2024-07-17 04:00:00,AOS,BUY,88.88968942300083,16.0,73298.53331026489
2024-07-17 04:00:00,APA,BUY,29.76189050019128,49.0,71840.20067575552
2024-07-18 04:00:00,AEP,BUY,88.43873622165509,16.0,70425.18089620904
2024-07-19 04:00:00,AME,BUY,171.59510316953885,8.0,69052.42007085274
2024-07-19 04:00:00,AIG,BUY,75.84951063141054,18.0,67687.12887948734
2024-07-19 04:00:00,ALLE,BUY,126.11338597561884,10.0,66425.99501973116
2024-07-22 04:00:00,AMD,SELL,154.22999572753906,8.0,67659.83498555147
2024-07-22 04:00:00,AMP,SELL,404.8858988455724,3.0,68874.49268208818
2024-07-22 04:00:00,ALL,BUY,171.32837349235126,8.0,67503.86569414937
2024-07-23 04:00:00,AOS,SELL,78.63729978713172,16.0,68762.06249074347
2024-07-23 04:00:00,AMCR,BUY,9.691263644651633,141.0,67395.5943168476
2024-07-24 04:00:00,AIZ,BUY,170.01307749211878,7.0,66205.50277440276
2024-07-25 04:00:00,ARE,SELL,107.1377494191274,13.0,67598.29351685142
2024-07-25 04:00:00,ADP,BUY,242.74345848234148,5.0,66384.57622443972
2024-07-25 04:00:00,ABT,BUY,104.53716835834771,12.0,65130.13020413955
2024-07-26 04:00:00,AMZN,SELL,180.38999938964844,8.0,66573.25019925673
2024-08-01 04:00:00,AFL,SELL,101.71962708500944,23.0,68912.80162221195
2024-08-01 04:00:00,A,BUY,140.87126148558235,9.0,67644.9602688417
2024-08-02 04:00:00,AME,SELL,156.3516689419471,8.0,68895.77362037728
2024-08-05 04:00:00,AIG,SELL,68.93815857875914,18.0,70136.66047479495
2024-08-05 04:00:00,AMT,SELL,222.58660479230048,7.0,71694.76670834105
2024-08-05 04:00:00,APA,SELL,26.028016795102783,49.0,72970.13953130109
2024-08-05 04:00:00,APO,SELL,95.43524325180296,13.0,74210.79769357452
2024-08-05 04:00:00,BA,SELL,162.52000427246094,8.0,75510.95772775421
2024-08-06 04:00:00,ADM,SELL,55.57983556975296,26.0,76956.03345256779
2024-08-06 04:00:00,APD,BUY,270.217717282466,5.0,75604.94486615546
2024-08-09 04:00:00,AXON,SELL,367.2699890136719,5.0,77441.29481122382
2024-08-14 04:00:00,ADSK,SELL,244.6100006103516,6.0,78908.95481488593
2024-08-15 04:00:00,ADBE,SELL,545.1900024414062,2.0,79999.33481976874
2024-08-15 04:00:00,AXP,SELL,244.490503929938,7.0,81710.76834727831
2024-08-19 04:00:00,ACGL,BUY,97.50513819671232,16.0,80150.68613613091
2024-08-19 04:00:00,AXP,BUY,248.6645088739122,6.0,78658.69908288744
2024-08-20 04:00:00,ADBE,BUY,564.47998046875,2.0,77529.73912194994
2024-08-20 04:00:00,ADSK,BUY,250.7700042724609,6.0,76025.11909631517
2024-08-26 04:00:00,ABBV,SELL,189.37329289352488,9.0,77729.4787323569
2024-08-26 04:00:00,AVB,SELL,213.9595402389593,10.0,79869.0741347465
2024-08-26 04:00:00,AMP,BUY,434.53564453125,3.0,78565.46720115274
2024-08-26 04:00:00,APH,BUY,66.53475692962819,23.0,77035.1677917713
2024-08-26 04:00:00,AVGO,BUY,162.82230942885164,9.0,75569.76700691163
2024-08-28 04:00:00,APTV,BUY,70.4800033569336,21.0,74089.68693641602
2024-08-29 04:00:00,ARE,BUY,110.81257909791933,13.0,72649.12340814307
2024-08-29 04:00:00,AES,BUY,16.081371679807223,90.0,71201.79995696043
2024-08-30 04:00:00,AME,BUY,168.57023455191992,8.0,69853.23808054507
2024-08-30 04:00:00,AVY,BUY,214.01461103882727,6.0,68569.1504143121
2024-08-30 04:00:00,ADI,BUY,230.06191892427992,5.0,67418.8408196907
2024-09-03 04:00:00,AIG,BUY,74.71058910406443,18.0,66074.05021581754
2024-09-04 04:00:00,APH,SELL,57.39166766805064,23.0,67394.05857218271
2024-09-04 04:00:00,AVGO,SELL,148.35226809892742,9.0,68729.22898507306
2024-09-06 04:00:00,AES,SELL,15.848308297272586,90.0,70155.57673182759
2024-09-10 04:00:00,ADI,SELL,213.82168829793483,5.0,71224.68517331727
2024-09-10 04:00:00,AIG,SELL,71.12838001438908,18.0,72504.99601357627
2024-09-10 04:00:00,AJG,SELL,296.85266488550445,6.0,74286.11200288929
2024-09-11 04:00:00,APTV,SELL,65.31999969482422,21.0,75657.8319964806
2024-09-17 04:00:00,AME,SELL,167.79943080481178,8.0,77000.22744291909
2024-09-17 04:00:00,AMZN,BUY,186.8500061035156,8.0,75505.42739409096
2024-09-17 04:00:00,AES,BUY,17.89926474630048,84.0,74001.88915540172
2024-09-18 04:00:00,ADBE,SELL,517.010009765625,2.0,75035.90917493297
2024-09-18 04:00:00,AKAM,SELL,97.83000183105467,16.0,76601.18920422984
2024-09-19 04:00:00,AME,BUY,171.5645156905977,8.0,75228.67307870506
2024-09-19 04:00:00,ALGN,BUY,259.989990234375,5.0,73928.72312753319
2024-09-20 04:00:00,AVGO,BUY,165.55627641056003,8.0,72604.27291624871
2024-09-23 04:00:00,APO,BUY,123.18208030592076,11.0,71249.27003288358
2024-09-23 04:00:00,ADI,BUY,220.9785802854616,6.0,69923.3985511708
2024-09-23 04:00:00,AMD,BUY,156.4499969482422,8.0,68671.79857558486
2024-09-24 04:00:00,AKAM,BUY,100.98999786376952,13.0,67358.92860335586
2024-09-25 04:00:00,ADM,BUY,58.41044540429361,23.0,66015.48835905711
2024-09-25 04:00:00,AOS,BUY,83.85889862940498,15.0,64757.60487961604
2024-09-25 04:00:00,APH,BUY,65.59757940694877,19.0,63511.25087088401
2024-09-26 04:00:00,APTV,BUY,71.77999877929688,17.0,62290.99089163596
2024-09-27 04:00:00,BAC,BUY,38.7383620656492,32.0,61051.36330553519
2024-10-01 04:00:00,AMAT,BUY,201.31535437266305,6.0,59843.47117929921
2024-10-01 04:00:00,ALB,BUY,92.16158356793493,12.0,58737.53217648399
2024-10-02 04:00:00,AMGN,SELL,307.35313216036354,5.0,60274.297837285805
2024-10-03 04:00:00,ACN,SELL,353.0518446657832,5.0,62039.55706061472
2024-10-03 04:00:00,ALGN,SELL,237.6999969482422,5.0,63228.057045355934
2024-10-04 04:00:00,ADM,SELL,56.44900761337352,23.0,64526.38422046352
2024-10-09 04:00:00,ARE,SELL,107.37006857832615,13.0,65922.19511198177
2024-10-09 04:00:00,AWK,SELL,132.84719526944727,12.0,67516.36145521514
2024-10-10 04:00:00,AON,SELL,357.061675314433,5.0,69301.66983178731
2024-10-10 04:00:00,AIG,BUY,75.74802699024201,18.0,67938.20534596295
2024-10-11 04:00:00,AEP,SELL,93.1155697352196,16.0,69428.05446172647
2024-10-11 04:00:00,AES,SELL,16.06272638145222,84.0,70777.32347776846
2024-10-11 04:00:00,APH,SELL,63.89116156353699,19.0,71991.25554747565
2024-10-14 04:00:00,AJG,BUY,286.31776441666256,5.0,70559.66672539234
2024-10-16 04:00:00,APH,BUY,65.29002670850605,21.0,69188.57616451371
2024-10-17 04:00:00,AEE,SELL,86.03908415007609,21.0,70995.39693166531
2024-10-17 04:00:00,ATO,SELL,140.83615565355143,13.0,72826.26695516148
2024-10-18 04:00:00,ALLE,SELL,153.6980495178962,10.0,74363.24745034044
2024-10-18 04:00:00,AMAT,SELL,184.36175522619047,6.0,75469.41798169758
2024-10-18 04:00:00,AOS,SELL,77.06004590231275,15.0,76625.31867023227
2024-10-21 04:00:00,ARE,BUY,114.27290969759775,13.0,75139.7708441635
2024-10-23 04:00:00,A,SELL,132.19768434123287,9.0,76329.5500032346
2024-10-23 04:00:00,ACGL,SELL,102.29766239765726,16.0,77966.31260159712
2024-10-23 04:00:00,AVB,BUY,217.3561745939388,7.0,76444.81937943955
2024-10-24 04:00:00,AJG,SELL,287.6768146418156,5.0,77883.20345264862
2024-10-24 04:00:00,AVY,SELL,199.073255454834,6.0,79077.64298537764
2024-10-28 04:00:00,APTV,SELL,69.66999816894531,17.0,80262.0329542497
2024-10-30 04:00:00,AME,SELL,166.01127025210812,8.0,81590.12311626656
2024-10-30 04:00:00,ARE,SELL,105.1224272799278,13.0,82956.71467090563
2024-10-31 04:00:00,AMCR,SELL,10.685278637530567,141.0,84463.33895879744
2024-11-01 04:00:00,AIZ,SELL,189.0119431981325,7.0,85786.42256118437
2024-11-01 04:00:00,AMD,SELL,144.44000244140625,8.0,86941.94258071562
2024-11-01 04:00:00,AME,BUY,181.40936079929216,9.0,85309.258333522
2024-11-05 05:00:00,ABBV,BUY,193.71656412746063,8.0,83759.52582050231
2024-11-06 05:00:00,ADP,SELL,293.46768961956184,5.0,85226.86426860013
2024-11-06 05:00:00,AMP,SELL,546.785736794782,3.0,86867.22147898447
2024-11-06 05:00:00,APO,SELL,157.58887930461455,11.0,88600.69915133523
2024-11-07 05:00:00,ADSK,SELL,302.95001220703125,6.0,90418.39922457741
2024-11-07 05:00:00,AVB,SELL,217.5688886046729,7.0,91941.38144481012
2024-11-08 05:00:00,AIZ,BUY,204.6168077135081,8.0,90304.44698310205
2024-11-11 05:00:00,ABBV,SELL,172.53713421486856,8.0,91684.744056821
2024-11-11 05:00:00,ADI,SELL,220.06431346292,6.0,93005.12993759853
2024-11-11 05:00:00,AKAM,SELL,91.6500015258789,13.0,94196.57995743495
2024-11-11 05:00:00,AVB,BUY,226.00981231906843,8.0,92388.5014588824
2024-11-14 05:00:00,AJG,BUY,295.1167177536593,6.0,90617.80115236044
2024-11-15 05:00:00,ACN,BUY,355.2086187618822,5.0,88841.75805855103
2024-11-20 05:00:00,ADBE,BUY,505.4100036621094,3.0,87325.5280475647
2024-11-21 05:00:00,AVGO,SELL,164.63529421428126,8.0,88642.61040127896
2024-11-22 05:00:00,AFL,BUY,110.3315096112792,16.0,86877.30624749849
2024-11-25 05:00:00,APD,SELL,324.7259753229511,5.0,88500.93612411324
2024-11-25 05:00:00,AXP,SELL,299.8201703406187,6.0,90299.85714615695
2024-11-27 05:00:00,BAC,SELL,46.7205148384908,32.0,91794.91362098866
2024-11-29 05:00:00,ALGN,BUY,228.47999572753903,8.0,89967.07365516835
2024-12-03 05:00:00,AEP,BUY,95.5694092212932,18.0,88246.82428918507
2024-12-05 05:00:00,BA,BUY,158.5,11.0,86503.32428918507
2024-12-09 05:00:00,AMZN,SELL,227.2100067138672,8.0,88321.004342896
2024-12-09 05:00:00,A,BUY,139.67701916751685,12.0,86644.8801128858
2024-12-10 05:00:00,AFL,SELL,102.65936090785654,16.0,88287.4298874115
2024-12-10 05:00:00,AIG,SELL,72.50825175541702,18.0,89592.578419009
2024-12-11 05:00:00,AEP,SELL,92.00367610874744,18.0,91248.64458896646
2024-12-13 05:00:00,ABT,SELL,111.73284463816888,12.0,92589.43872462449
2024-12-13 05:00:00,ACN,SELL,354.51849001136264,5.0,94362.0311746813
2024-12-16 05:00:00,AKAM,BUY,98.41000366210938,19.0,92492.24110510122
2024-12-16 05:00:00,AVGO,BUY,229.5387414647443,8.0,90655.93117338326
2024-12-17 05:00:00,ADBE,SELL,460.5899963378906,3.0,92037.70116239693
2024-12-17 05:00:00,AVB,SELL,220.740274958418,8.0,93803.62336206427
2024-12-18 05:00:00,AJG,SELL,281.1993789791236,6.0,95490.81963593901
2024-12-20 05:00:00,AKAM,SELL,94.25,19.0,97281.56963593901
2024-12-23 05:00:00,ACN,BUY,355.50439886300205,5.0,95504.047641624
2024-12-24 05:00:00,ALB,SELL,87.8863316715994,12.0,96558.68362168319
2024-12-24 05:00:00,ALGN,SELL,207.6100006103516,8.0,98219.563626566
2024-12-27 05:00:00,ACN,SELL,353.7297286176326,5.0,99988.21226965416
2024-12-27 05:00:00,AME,SELL,181.5422957980927,9.0,101622.092931837
2024-12-31 05:00:00,A,SELL,133.9724676110372,12.0,103229.76254316945
2025-01-02 05:00:00,APH,SELL,69.74846428982434,21.0,104694.48029325576
2025-01-02 05:00:00,APTV,BUY,60.66999816894531,34.0,102631.70035551162
2025-01-03 05:00:00,ALL,SELL,189.90166980585823,8.0,104150.9137139585
2025-01-06 05:00:00,ALL,BUY,188.8177421374516,11.0,102073.91855044653
2025-01-06 05:00:00,ACN,BUY,347.84379116702536,5.0,100334.6995946114
2025-01-07 05:00:00,ACN,SELL,350.3480438638839,5.0,102086.43981393082
2025-01-07 05:00:00,ALL,SELL,183.3686230052381,11.0,104103.49466698844
2025-01-08 05:00:00,AIZ,SELL,203.9356625288481,8.0,105734.97996721922
2025-01-08 05:00:00,A,BUY,136.82463285443882,15.0,103682.61047440264
2025-01-08 05:00:00,APA,BUY,22.31970380519269,92.0,101629.19772432491
2025-01-16 05:00:00,BAC,BUY,46.17480498750408,44.0,99597.50630487474
2025-01-17 05:00:00,AMAT,BUY,191.4617428675193,10.0,97682.88887619955
2025-01-21 05:00:00,ADI,BUY,216.4349805676635,9.0,95734.97405109058
2025-01-22 05:00:00,AEE,BUY,93.79904018434776,20.0,93858.99324740363
2025-01-23 05:00:00,AEP,BUY,94.979961467332,19.0,92054.37397952433
2025-01-27 05:00:00,APD,BUY,319.54769045379754,5.0,90456.63552725535
2025-01-27 05:00:00,ABT,BUY,125.02601158028548,14.0,88706.27136513135
2025-01-27 05:00:00,APH,BUY,70.56376720461184,25.0,86942.17718501606
2025-01-28 05:00:00,AMAT,SELL,172.36517180857385,10.0,88665.82890310179
2025-01-28 05:00:00,AVGO,SELL,206.54161519148465,8.0,90318.16182463367
2025-01-28 05:00:00,AIG,BUY,75.02445808478699,24.0,88517.57483059878
2025-01-28 05:00:00,AJG,BUY,294.21019986668,6.0,86752.3136313987
2025-01-28 05:00:00,ALGN,BUY,230.2400054931641,7.0,85140.63359294656
2025-01-29 05:00:00,ACN,BUY,376.11451627089696,4.0,83636.17552786297
2025-01-29 05:00:00,AMGN,BUY,273.13662546304096,6.0,81997.35577508472
2025-01-29 05:00:00,AMP,BUY,562.2377385032289,2.0,80872.88029807826
2025-01-29 05:00:00,AOS,BUY,68.33350703809768,23.0,79301.20963620202
2025-01-29 05:00:00,AKAM,BUY,100.5999984741211,15.0,77792.20965909021
2025-01-30 05:00:00,AOS,SELL,65.16865323518803,23.0,79291.08868349953
2025-01-30 05:00:00,ADP,BUY,298.8579452152125,5.0,77796.79895742347
2025-01-31 05:00:00,AON,BUY,368.8227772676332,4.0,76321.50784835294
2025-01-31 05:00:00,AFL,BUY,106.07247761448988,14.0,74836.49316175008
2025-01-31 05:00:00,ATO,BUY,140.06407555955315,10.0,73435.85240615455
2025-01-31 05:00:00,ADSK,BUY,311.7699890136719,4.0,72188.77245009986
2025-01-31 05:00:00,ACGL,BUY,93.9499969482422,15.0,70779.52249587623
2025-02-03 05:00:00,ACGL,SELL,92.56999969482422,15.0,72168.07249129859
2025-02-03 05:00:00,ATO,SELL,139.7099772202471,10.0,73565.17226350107
2025-02-03 05:00:00,AXON,BUY,640.75,2.0,72283.67226350107
2025-02-04 05:00:00,APA,SELL,20.301888599044048,92.0,74151.44601461312
2025-02-04 05:00:00,ABBV,BUY,183.0006458692692,8.0,72687.44084765896
2025-02-05 05:00:00,ADI,SELL,202.81091753394827,9.0,74512.7391054645
2025-02-06 05:00:00,APH,SELL,69.81805761698182,25.0,76258.19054588904
2025-02-06 05:00:00,AAPL,BUY,230.24863411824003,6.0,74876.6987411796
2025-02-07 05:00:00,ALGN,SELL,218.22999572753903,7.0,76404.30871127237
2025-02-07 05:00:00,AIZ,BUY,212.4173258386676,7.0,74917.3874304017
2025-02-07 05:00:00,ATO,BUY,140.77225452602693,10.0,73509.66488514142
2025-02-07 05:00:00,AMCR,BUY,9.786956462918097,150.0,72041.6214157037
2025-02-11 05:00:00,AMP,SELL,522.2733039374343,2.0,73086.16802357858
2025-02-13 05:00:00,AVB,BUY,213.61317495235207,6.0,71804.48897386446
2025-02-14 05:00:00,AIZ,SELL,205.57987210456167,7.0,73243.54807859639
2025-02-14 05:00:00,AMT,BUY,185.97814117322756,7.0,71941.7010903838
2025-02-18 05:00:00,AFL,SELL,101.6167288809625,14.0,73364.33529471727
2025-02-20 05:00:00,A,SELL,136.80477562815102,15.0,75416.40692913953
2025-02-20 05:00:00,AXON,SELL,581.0,2.0,76578.40692913953
2025-02-20 05:00:00,AME,BUY,187.88949672769343,8.0,75075.29095531798
2025-02-20 05:00:00,AWK,BUY,127.66865338071656,11.0,73670.93576813009
2025-02-20 05:00:00,APA,BUY,22.452065491719218,65.0,72211.55151116833
2025-02-21 05:00:00,AKAM,SELL,89.0,15.0,73546.55151116833
2025-02-21 05:00:00,AVB,SELL,213.61316137798232,6.0,74828.23047943623
2025-02-21 05:00:00,ADBE,BUY,453.2799987792969,3.0,73468.39048309834
2025-02-21 05:00:00,ADI,BUY,241.8073288781688,6.0,72017.54650982932
2025-02-24 05:00:00,ADSK,SELL,287.0,4.0,73165.54650982932
2025-02-26 05:00:00,AVB,BUY,217.90062914083683,6.0,71858.1427349843
2025-02-27 05:00:00,BAC,SELL,43.31589535225252,44.0,73764.04213048342
2025-02-27 05:00:00,AFL,BUY,105.26132470644237,14.0,72290.38358459322
2025-02-28 05:00:00,APA,SELL,19.313192061409897,65.0,73545.74106858486
2025-03-03 05:00:00,ACN,SELL,345.96557274353665,4.0,74929.60335955901
2025-03-05 05:00:00,BA,SELL,159.9600067138672,11.0,76689.16343341155
2025-03-06 05:00:00,ALL,BUY,195.25225760086707,7.0,75322.39763020548
2025-03-07 05:00:00,ADI,SELL,221.6998084761776,6.0,76652.59648106254
2025-03-10 04:00:00,ARE,BUY,98.06670287116576,15.0,75181.59593799507
2025-03-12 04:00:00,APD,SELL,292.95880598938186,5.0,76646.38996794197
2025-03-13 04:00:00,AAPL,SELL,215.2140602896052,6.0,77937.6743296796
2025-03-13 04:00:00,ADBE,SELL,405.2699890136719,3.0,79153.48429672062
2025-03-13 04:00:00,AES,BUY,11.360587368617653,139.0,77574.36265248277
2025-03-14 04:00:00,AME,SELL,174.82205742446172,8.0,78972.93911187847
2025-03-17 04:00:00,AVB,SELL,204.1125284665041,6.0,80197.61428267749
2025-03-18 04:00:00,ADP,SELL,292.8579866624612,5.0,81661.9042159898
2025-03-21 04:00:00,APTV,SELL,61.720001220703125,34.0,83760.3842574937
2025-03-21 04:00:00,AIZ,BUY,208.50737599286464,8.0,82092.32524955078
2025-03-24 04:00:00,AMCR,SELL,9.387259119106876,150.0,83500.4141174168
2025-03-24 04:00:00,ARE,SELL,92.31825512368748,15.0,84885.18794427211
2025-03-25 04:00:00,ABT,SELL,125.96322818859936,14.0,86648.6731389125
2025-03-25 04:00:00,ACGL,BUY,93.86000061035156,18.0,84959.19312792618
2025-03-31 04:00:00,BA,BUY,170.64999389648438,9.0,83423.34318285782
2025-04-01 04:00:00,ALLE,BUY,129.6115469157248,12.0,81868.00461986913
2025-04-04 04:00:00,AMT,SELL,227.43670403015744,7.0,83460.06154808022
2025-04-04 04:00:00,BA,SELL,143.3000030517578,9.0,84749.76157554604
2025-04-07 04:00:00,AES,SELL,10.05895243248021,139.0,86147.95596366079
2025-04-07 04:00:00,AIZ,SELL,181.53468612428284,8.0,87600.23345265505
2025-04-08 04:00:00,ACGL,SELL,85.7300033569336,18.0,89143.37351307986
2025-04-08 04:00:00,ALLE,SELL,122.5775217963699,12.0,90614.3037746363
2025-04-09 04:00:00,ABBV,SELL,164.14756320769945,8.0,91927.4842802979
2025-04-09 04:00:00,ALL,SELL,178.25572117622653,7.0,93175.27432853148
2025-04-09 04:00:00,AMGN,SELL,264.4093928194085,6.0,94761.73068544792
2025-04-09 04:00:00,AON,SELL,357.13739869186594,4.0,96190.28028021539
2025-04-14 04:00:00,AEE,SELL,96.67265631007037,20.0,98123.7334064168
2025-04-15 04:00:00,AFL,SELL,107.82313126295142,14.0,99633.25724409812
2025-04-16 04:00:00,AJG,SELL,336.37098592788124,6.0,101651.4831596654
2025-04-21 04:00:00,AEP,SELL,105.1148646945174,19.0,103648.66558886123
2025-04-22 04:00:00,AIG,SELL,79.6495517056413,24.0,105560.25482979663
2025-04-23 04:00:00,AEP,BUY,104.92954723669703,20.0,103461.66388506269
2025-04-23 04:00:00,AIG,BUY,81.37031597657179,25.0,101427.4059856484
2025-04-24 04:00:00,AJG,BUY,327.9062002785284,6.0,99459.96878397722
2025-04-24 04:00:00,AFL,BUY,107.30878907118378,18.0,97528.41058069591
2025-04-24 04:00:00,ACGL,BUY,92.08999633789062,21.0,95594.52065760021
2025-04-24 04:00:00,AXON,BUY,576.1500244140625,3.0,93866.07058435802
2025-04-24 04:00:00,APH,BUY,72.2518151544964,25.0,92059.7752054956
2025-04-25 04:00:00,ADM,BUY,47.84390187634088,38.0,90241.70693419465
2025-04-28 04:00:00,ALLE,BUY,136.5559265767373,13.0,88466.47988869707
2025-04-29 04:00:00,AJG,SELL,320.0588743058352,6.0,90386.83313453208
2025-04-29 04:00:00,AEE,BUY,97.12601451381312,18.0,88638.56487328344
2025-04-29 04:00:00,ALGN,BUY,181.55999755859372,9.0,87004.5248952561
2025-04-30 04:00:00,AIG,SELL,80.4505947059241,25.0,89015.7897629042
2025-04-30 04:00:00,BA,BUY,178.47000122070312,9.0,87409.55975191787
2025-05-01 04:00:00,ACGL,SELL,90.12999725341795,21.0,89302.28969423965
2025-05-01 04:00:00,ADSK,BUY,276.1400146484375,6.0,87645.44960634902
2025-05-02 04:00:00,AEE,SELL,97.45124325954532,18.0,89399.57198502084
2025-05-05 04:00:00,AFL,SELL,104.06450363831324,18.0,91272.73305051048
2025-05-05 04:00:00,AEE,BUY,97.9144576200126,18.0,89510.27281335025
2025-05-05 04:00:00,ABT,BUY,131.710469235714,13.0,87798.03671328597
2025-05-05 04:00:00,ALL,BUY,196.7448030639237,8.0,86224.07828877457
2025-05-05 04:00:00,AVGO,BUY,199.43807812466503,8.0,84628.57366377725
2025-05-06 04:00:00,AOS,BUY,67.0113782219419,25.0,82953.2892082287
2025-05-06 04:00:00,AIG,BUY,81.59777814915813,20.0,81321.33364524554
2025-05-06 04:00:00,AKAM,BUY,82.54000091552734,19.0,79753.07362785052
2025-05-06 04:00:00,AXP,BUY,273.09677022720416,5.0,78387.5897767145
2025-05-06 04:00:00,AMAT,BUY,151.13586055762036,10.0,76876.23117113831
2025-05-08 04:00:00,AIG,SELL,81.3109767523959,20.0,78502.45070618622
2025-05-08 04:00:00,ADP,BUY,303.7962330683922,5.0,76983.46954084426
2025-05-08 04:00:00,BAC,BUY,40.82105236319652,37.0,75473.09060340599
2025-05-08 04:00:00,APO,BUY,129.73842276028464,11.0,74045.96795304285
2025-05-09 04:00:00,AMD,BUY,102.58999633789062,14.0,72609.70800431239
2025-05-12 04:00:00,AXON,SELL,700.0,3.0,74709.70800431239
2025-05-12 04:00:00,AVB,BUY,203.9026036245788,7.0,73282.38977894033
2025-05-12 04:00:00,ACGL,BUY,95.68000030517578,15.0,71847.18977436269
2025-05-13 04:00:00,AEE,SELL,93.085249300671,18.0,73522.72426177477
2025-05-13 04:00:00,AIG,BUY,82.7251778087745,17.0,72116.3962390256
2025-05-13 04:00:00,AME,BUY,179.37672772347008,8.0,70681.38241723785
2025-05-13 04:00:00,AMP,BUY,512.778928726652,2.0,69655.82455978455
2025-05-13 04:00:00,APTV,BUY,66.9800033569336,20.0,68316.22449264588
2025-05-13 04:00:00,ADI,BUY,220.09349802574727,6.0,66995.6635044914
2025-05-13 04:00:00,AMZN,BUY,211.0800018310547,6.0,65729.18349350507
2025-05-14 04:00:00,ADBE,BUY,396.8500061035156,3.0,64538.633475194525
2025-05-14 04:00:00,ACN,BUY,319.9398721624217,4.0,63258.87398654484
2025-05-14 04:00:00,AJG,BUY,333.19419992541293,3.0,62259.2913867686
2025-05-15 04:00:00,AEP,SELL,97.78636217140618,20.0,64215.018630196726
2025-05-15 04:00:00,AWK,SELL,133.67193859309378,11.0,65685.40995472076
2025-05-16 04:00:00,AVY,BUY,179.91393306899116,7.0,64426.01242323782
2025-05-16 04:00:00,AES,BUY,12.18762360254768,105.0,63146.311944970315
2025-05-20 04:00:00,AES,SELL,10.9893189877665,105.0,64300.1904386858
2025-05-21 04:00:00,AIZ,BUY,197.88898941386933,6.0,63112.85650220259
2025-05-21 04:00:00,A,BUY,111.54064867854773,11.0,61885.90936673856
2025-05-22 04:00:00,AKAM,SELL,76.37999725341797,19.0,63337.1293145535
2025-05-22 04:00:00,AVB,SELL,198.47935519286443,7.0,64726.484800903556
2025-05-23 04:00:00,AIZ,SELL,189.79121986841508,6.0,65865.23212011404
2025-05-23 04:00:00,APA,BUY,15.88335795660474,82.0,64562.79676767246
2025-05-27 04:00:00,AIZ,BUY,195.02103367521525,6.0,63392.67056562116
2025-05-28 04:00:00,APH,SELL,87.9223107430057,25.0,65590.7283341963
2025-05-29 04:00:00,AVGO,SELL,244.9129496296221,8.0,67550.03193123329
2025-06-02 04:00:00,APA,SELL,17.26876210465966,82.0,68966.07042381538
2025-06-03 04:00:00,APD,BUY,274.5905119618619,5.0,67593.11786400608
2025-06-03 04:00:00,APA,BUY,16.956557343026365,79.0,66253.549833907
2025-06-04 04:00:00,APO,SELL,130.7851218957875,11.0,67692.18617476066
2025-06-04 04:00:00,BA,SELL,214.7700042724609,9.0,69625.11621321281
2025-06-05 04:00:00,AOS,SELL,63.83403079784584,25.0,71220.96698315896
2025-06-05 04:00:00,ATO,SELL,151.48243892902713,10.0,72735.79137244922
2025-06-06 04:00:00,AON,BUY,372.16889485601786,3.0,71619.28468788117
2025-06-06 04:00:00,AMGN,BUY,287.4679490156314,4.0,70469.41289181865
2025-06-09 04:00:00,ABBV,BUY,187.52674217428537,7.0,69156.72569659865
2025-06-10 04:00:00,AVB,BUY,204.2170005267245,6.0,67931.4236934383
2025-06-10 04:00:00,APO,BUY,132.59139128820684,10.0,66605.50978055623
2025-06-11 04:00:00,AMD,SELL,124.44000244140624,14.0,68347.66981473591
2025-06-13 04:00:00,AJG,SELL,318.19959637248564,3.0,69302.26860385337
2025-06-13 04:00:00,APA,SELL,20.381040280334165,79.0,70912.37078599977
2025-06-13 04:00:00,AES,BUY,11.106226780086248,127.0,69501.87998492882
2025-06-16 04:00:00,AKAM,BUY,77.5199966430664,17.0,68184.04004199669
2025-06-17 04:00:00,AON,SELL,347.81002162972374,3.0,69227.47010688586
2025-06-17 04:00:00,AMT,BUY,213.2402565863032,6.0,67948.02856736803
2025-06-17 04:00:00,AMCR,BUY,9.119999885559082,149.0,66589.14858441973
2025-06-18 04:00:00,ACGL,SELL,89.87000274658203,15.0,67937.19862561846
2025-06-20 04:00:00,ACN,SELL,280.0294644855284,4.0,69057.31648356057
2025-06-20 04:00:00,ALL,SELL,195.10774212953396,8.0,70618.17842059684
2025-06-23 04:00:00,AES,SELL,10.161223406748428,127.0,71908.65379325389
2025-06-23 04:00:00,AMCR,SELL,9.0,149.0,73249.65379325389
2025-06-26 04:00:00,ADP,SELL,297.6937336900113,5.0,74738.12246170396
2025-06-26 04:00:00,AMAT,SELL,182.6664704438946,10.0,76564.7871661429
2025-06-27 04:00:00,ADBE,SELL,385.4400024414063,3.0,77721.10717346711
2025-07-01 04:00:00,ABBV,SELL,182.11286514132095,7.0,78995.89722945636
2025-07-01 04:00:00,AVB,SELL,201.7295099609402,6.0,80206.274289222
2025-07-01 04:00:00,ANET,BUY,102.30999755859376,15.0,78671.62432584309
2025-07-03 04:00:00,AIZ,SELL,192.57281145486155,6.0,79827.06119457226
2025-07-03 04:00:00,AMCR,BUY,9.720000267028809,164.0,78232.98115077954
2025-07-03 04:00:00,ALB,BUY,68.23975181909405,22.0,76731.70661075947
2025-07-08 04:00:00,AFL,BUY,101.74490768365332,15.0,75205.53299550468
2025-07-08 04:00:00,AES,BUY,10.84318514774696,138.0,73709.1734451156
2025-07-09 04:00:00,AFL,SELL,102.4411070055672,15.0,75245.7900501991
2025-07-09 04:00:00,AEP,BUY,102.30320979513368,14.0,73813.54511306723
2025-07-09 04:00:00,AOS,BUY,67.91212886710912,21.0,72387.39040685794
2025-07-10 04:00:00,ABBV,BUY,187.51690838153547,7.0,71074.7720481872
2025-07-11 04:00:00,ARE,BUY,76.78038527337975,18.0,69692.72511326637
2025-07-14 04:00:00,AIG,SELL,80.79523202572096,17.0,71066.24405770362
2025-07-16 04:00:00,ABT,SELL,131.5350914432561,13.0,72776.20024646595
2025-07-18 04:00:00,AEE,BUY,96.78782994810548,15.0,71324.38279724437
2025-07-18 04:00:00,AWK,BUY,140.75566075703807,10.0,69916.82618967399
2025-07-21 04:00:00,ADSK,SELL,296.0899963378906,6.0,71693.36616770133
2025-07-21 04:00:00,AES,SELL,13.16185362045722,138.0,73509.70196732442
2025-07-22 04:00:00,ATO,BUY,157.86923988525282,9.0,72088.87880835714
2025-07-24 04:00:00,ALB,SELL,82.06474471420673,22.0,73894.3031920697
2025-07-24 04:00:00,AME,SELL,181.0540106851144,8.0,75342.73527755062
2025-07-25 04:00:00,ALLE,SELL,164.0399932861328,13.0,77475.25519027034
2025-07-29 04:00:00,AVY,SELL,173.43173212225886,7.0,78689.27731512615
2025-07-31 04:00:00,ALGN,SELL,142.5,9.0,79971.77731512615
2025-07-31 04:00:00,ANET,SELL,124.54000091552734,15.0,81839.87732885906
2025-07-31 04:00:00,ADSK,BUY,307.9200134277344,5.0,80300.27726172039
2025-08-01 04:00:00,AWK,SELL,140.76553422089864,10.0,81707.93260392938
2025-08-01 04:00:00,AME,BUY,182.72128911141664,8.0,80246.16229103805
2025-08-04 04:00:00,ADI,SELL,220.54774483442185,6.0,81569.44876004459
2025-08-04 04:00:00,AWK,BUY,143.96655878583348,11.0,79985.81661340041
2025-08-05 04:00:00,AMP,SELL,507.5240467867755,2.0,81000.86470697397
2025-08-05 04:00:00,AXP,SELL,299.0921678577881,5.0,82496.3255462629
2025-08-05 04:00:00,AON,BUY,360.7900085449219,4.0,81053.16551208321
2025-08-06 04:00:00,ADM,SELL,57.744633274239405,38.0,83247.46157650431
2025-08-06 04:00:00,AKAM,SELL,74.12999725341797,17.0,84507.67152981242
2025-08-06 04:00:00,APTV,SELL,65.83000183105469,20.0,85824.27156643351
2025-08-07 04:00:00,AMT,SELL,207.0944396304941,6.0,87066.83820421647
2025-08-08 04:00:00,A,SELL,114.08092062701498,11.0,88321.72833111364
2025-08-08 04:00:00,ALL,BUY,204.81983926062827,8.0,86683.16961702862
2025-08-08 04:00:00,AXON,BUY,872.469970703125,1.0,85810.69964632549
2025-08-12 04:00:00,ADSK,SELL,285.1099853515625,5.0,87236.2495730833
2025-08-12 04:00:00,BAC,SELL,46.22290047507268,37.0,88946.49689066099
2025-08-12 04:00:00,AAPL,BUY,227.78917070894937,7.0,87351.97269569834
2025-08-12 04:00:00,AIZ,BUY,207.39761280191016,8.0,85692.79179328306
2025-08-13 04:00:00,AMGN,SELL,283.0240286770548,4.0,86824.88790799127
2025-08-13 04:00:00,AXON,SELL,776.97998046875,1.0,87601.86788846002
2025-08-15 04:00:00,AMCR,SELL,8.760000228881836,164.0,89038.50792599664
2025-08-15 04:00:00,AMZN,SELL,232.5800018310547,6.0,90433.98793698297
2025-08-15 04:00:00,APO,SELL,141.1959237636944,10.0,91845.94717461991
2025-08-18 04:00:00,AFL,BUY,104.86787100433828,17.0,90063.19336754616
2025-08-18 04:00:00,AMZN,BUY,230.22999572753903,7.0,88451.58339745339
2025-08-19 04:00:00,ABT,BUY,129.3448315103849,13.0,86770.10058781838
2025-08-19 04:00:00,ACGL,BUY,90.54000091552734,19.0,85049.84057042336
2025-08-19 04:00:00,APTV,BUY,75.88999938964844,22.0,83380.2605838511
2025-08-20 04:00:00,BAC,BUY,47.90354921735776,34.0,81751.53991046092
2025-08-22 04:00:00,A,BUY,118.03297869684894,13.0,80217.11118740188
2025-08-25 04:00:00,ADI,BUY,251.6447694564546,6.0,78707.24257066316
2025-08-26 04:00:00,AXP,BUY,314.22378953263336,5.0,77136.12362299999
2025-08-27 04:00:00,AIG,BUY,82.03793056953117,18.0,75659.44087274843
2025-08-27 04:00:00,AMGN,BUY,288.8399963378906,5.0,74215.24089105897
2025-09-02 04:00:00,AMGN,SELL,287.489990234375,5.0,75652.69084223085
2025-09-02 04:00:00,ADP,BUY,300.0813710815354,5.0,74152.28398682317
2025-09-04 04:00:00,ADP,SELL,297.37540766523387,5.0,75639.16102514934
2025-09-05 04:00:00,AKAM,BUY,77.3499984741211,19.0,74169.51105414104
2025-09-05 04:00:00,ADSK,BUY,322.6400146484375,4.0,72878.95099554729
2025-09-11 04:00:00,AIG,SELL,77.60398380738161,18.0,74275.82270408016
2025-09-11 04:00:00,APD,SELL,286.1097188418282,5.0,75706.3712982893
2025-09-11 04:00:00,AWK,SELL,137.86469998990253,11.0,77222.88299817823
2025-09-12 04:00:00,AEP,SELL,107.80990861871015,14.0,78732.22171884017
2025-09-19 04:00:00,AVB,BUY,191.62170521477677,8.0,77199.24807712196
2025-09-22 04:00:00,ACGL,SELL,88.33999633789062,19.0,78877.70800754188
2025-09-22 04:00:00,AEE,SELL,99.19000244140624,15.0,80365.55804416297
2025-09-22 04:00:00,AON,SELL,350.5599975585937,4.0,81767.79803439735
2025-09-22 04:00:00,AVB,SELL,191.76044831436752,8.0,83301.88162091229
2025-09-23 04:00:00,AVB,BUY,191.1064208936908,8.0,81773.03025376276
2025-09-23 04:00:00,ADBE,BUY,364.1799926757813,4.0,80316.31028305963
2025-09-24 04:00:00,AKAM,SELL,75.41000366210938,19.0,81749.10035263971
2025-09-24 04:00:00,AMAT,BUY,199.0800018310547,8.0,80156.46033799127
2025-09-24 04:00:00,AXON,BUY,789.2899780273438,2.0,78577.88038193659
2025-09-25 04:00:00,AXON,SELL,696.969970703125,2.0,79971.82032334284
2025-09-26 04:00:00,AVB,SELL,190.49202460407213,8.0,81495.75652017542
2025-09-26 04:00:00,AJG,BUY,304.9200134277344,5.0,79971.15645303675
2025-09-29 04:00:00,AMZN,SELL,220.0800018310547,7.0,81511.71646585413
2025-09-29 04:00:00,AVB,BUY,191.98837801905023,8.0,79975.80944170173
2025-09-29 04:00:00,APO,BUY,138.1583627531382,11.0,78456.06745141721
2025-09-30 04:00:00,AEE,BUY,103.6999969482422,15.0,76900.56749719358
